date,up_count,down_count,zha_count,max_height,lianban_count,shouban_count,seal_zero_count,big_cap_up,mega_cap_up,mega_cap_names,duanban_count,high_duanban_count,promotion_rate,rate_1to2,rate_2to3,rate_3to4,refeng_rate,zha_rate,ud_ratio,seal_quality,leader_first_limit_time,leader_refeng,shouban_batch_start_time,high_level_bomb_group,close_high_fade,h_norm,p_norm,z_norm,u_norm,s_norm,sentiment,cycle_label,formula_duanban_count,formula_high_duanban_count,formula_promotion_rate,formula_rate_1to2,formula_rate_2to3,formula_rate_3to4,formula_refeng_rate,formula_zha_rate,formula_ud_ratio,formula_seal_quality,formula_leader_first_limit_time,formula_leader_refeng,formula_shouban_batch_start_time,formula_high_level_bomb_group,formula_close_high_fade,formula_sentiment,formula_cycle_label
20251029,60,1,30,5,11,49,31,0,0,,0,0,0,0,0,0,49.15,33.33,20,0.0,92500,0,093000,7,0,50.0,50.0,50.0,50.0,50.0,50.0,—,昨日连板股(limit_times≥2)中，今日未继续涨停的数量,昨日高位连板股(limit_times≥3)中，今日未继续涨停的数量,今日涨停∩昨日涨停 / 昨日涨停总数 × 100,昨日首板∩今日连板(limit_times≥2) / 昨日首板数 × 100,昨日2板∩今日3板及以上 / 昨日2板总数 × 100,昨日3板∩今日4板及以上 / 昨日3板总数 × 100,今日最终涨停且盘中开板(open_times>0) / (今日最终涨停且盘中开板 + 炸板未封家数) × 100,zha_count / (up_count + zha_count) × 100,"min(up_count / max(down_count, 1), 20)，clip防极端值",(big_cap_up + 2*mega_cap_up) / up_count × 100，大市值涨停加权占比,当日最高板股票中，first_time 最早者的首次封板时间,当日最高板代表股 open_times>0 记为1，否则记为0,当日首板股按 first_time 排序后，第3只首板出现时间，作为批量启动时点,当日炸板股中，13:00后出现 first_time 的炸板家数（v1 近似为午后高位风险代理）,当日最高板代表股 last_time≥14:30 记为1，作为尾盘高位波动风险代理（v1）,"v2: 0.20*h + 0.25*p + 0.20*z + 0.10*u + 0.25*s (120日分位数排名) × 交互修正(高度×质量, 赚亏对冲)",冰点(<20)|回暖(<35且上升)|加速(>60且上升)|分歧(>50且下降)|退潮(<40从>45连降)|震荡(其他)
20251030,46,8,23,6,12,34,24,0,0,,7,1,20.0,16.33,25.0,0,48.89,33.33,5.75,0.0,92502,0,093000,3,0,75.0,75.0,50.0,25.0,50.0,58.75,—,昨日连板股(limit_times≥2)中，今日未继续涨停的数量,昨日高位连板股(limit_times≥3)中，今日未继续涨停的数量,今日涨停∩昨日涨停 / 昨日涨停总数 × 100,昨日首板∩今日连板(limit_times≥2) / 昨日首板数 × 100,昨日2板∩今日3板及以上 / 昨日2板总数 × 100,昨日3板∩今日4板及以上 / 昨日3板总数 × 100,今日最终涨停且盘中开板(open_times>0) / (今日最终涨停且盘中开板 + 炸板未封家数) × 100,zha_count / (up_count + zha_count) × 100,"min(up_count / max(down_count, 1), 20)，clip防极端值",(big_cap_up + 2*mega_cap_up) / up_count × 100，大市值涨停加权占比,当日最高板股票中，first_time 最早者的首次封板时间,当日最高板代表股 open_times>0 记为1，否则记为0,当日首板股按 first_time 排序后，第3只首板出现时间，作为批量启动时点,当日炸板股中，13:00后出现 first_time 的炸板家数（v1 近似为午后高位风险代理）,当日最高板代表股 last_time≥14:30 记为1，作为尾盘高位波动风险代理（v1）,"v2: 0.20*h + 0.25*p + 0.20*z + 0.10*u + 0.25*s (120日分位数排名) × 交互修正(高度×质量, 赚亏对冲)",冰点(<20)|回暖(<35且上升)|加速(>60且上升)|分歧(>50且下降)|退潮(<40从>45连降)|震荡(其他)
20251031,57,12,37,7,9,48,32,0,0,,8,1,19.57,14.71,12.5,100.0,40.32,39.36,4.75,0.0,93500,1,092500,3,1,83.33,50.0,16.67,16.67,50.0,46.67,退潮,昨日连板股(limit_times≥2)中，今日未继续涨停的数量,昨日高位连板股(limit_times≥3)中，今日未继续涨停的数量,今日涨停∩昨日涨停 / 昨日涨停总数 × 100,昨日首板∩今日连板(limit_times≥2) / 昨日首板数 × 100,昨日2板∩今日3板及以上 / 昨日2板总数 × 100,昨日3板∩今日4板及以上 / 昨日3板总数 × 100,今日最终涨停且盘中开板(open_times>0) / (今日最终涨停且盘中开板 + 炸板未封家数) × 100,zha_count / (up_count + zha_count) × 100,"min(up_count / max(down_count, 1), 20)，clip防极端值",(big_cap_up + 2*mega_cap_up) / up_count × 100，大市值涨停加权占比,当日最高板股票中，first_time 最早者的首次封板时间,当日最高板代表股 open_times>0 记为1，否则记为0,当日首板股按 first_time 排序后，第3只首板出现时间，作为批量启动时点,当日炸板股中，13:00后出现 first_time 的炸板家数（v1 近似为午后高位风险代理）,当日最高板代表股 last_time≥14:30 记为1，作为尾盘高位波动风险代理（v1）,"v2: 0.20*h + 0.25*p + 0.20*z + 0.10*u + 0.25*s (120日分位数排名) × 交互修正(高度×质量, 赚亏对冲)",冰点(<20)|回暖(<35且上升)|加速(>60且上升)|分歧(>50且下降)|退潮(<40从>45连降)|震荡(其他)
20251103,66,7,21,5,10,56,42,0,0,,8,3,17.54,18.75,0.0,0.0,53.33,24.14,9.43,0.0,92501,1,092500,3,0,25.0,37.5,87.5,62.5,50.0,50.62,回暖,昨日连板股(limit_times≥2)中，今日未继续涨停的数量,昨日高位连板股(limit_times≥3)中，今日未继续涨停的数量,今日涨停∩昨日涨停 / 昨日涨停总数 × 100,昨日首板∩今日连板(limit_times≥2) / 昨日首板数 × 100,昨日2板∩今日3板及以上 / 昨日2板总数 × 100,昨日3板∩今日4板及以上 / 昨日3板总数 × 100,今日最终涨停且盘中开板(open_times>0) / (今日最终涨停且盘中开板 + 炸板未封家数) × 100,zha_count / (up_count + zha_count) × 100,"min(up_count / max(down_count, 1), 20)，clip防极端值",(big_cap_up + 2*mega_cap_up) / up_count × 100，大市值涨停加权占比,当日最高板股票中，first_time 最早者的首次封板时间,当日最高板代表股 open_times>0 记为1，否则记为0,当日首板股按 first_time 排序后，第3只首板出现时间，作为批量启动时点,当日炸板股中，13:00后出现 first_time 的炸板家数（v1 近似为午后高位风险代理）,当日最高板代表股 last_time≥14:30 记为1，作为尾盘高位波动风险代理（v1）,"v2: 0.20*h + 0.25*p + 0.20*z + 0.10*u + 0.25*s (120日分位数排名) × 交互修正(高度×质量, 赚亏对冲)",冰点(<20)|回暖(<35且上升)|加速(>60且上升)|分歧(>50且下降)|退潮(<40从>45连降)|震荡(其他)
20251104,50,4,18,6,14,36,27,0,0,,5,0,21.21,16.07,44.44,0,56.1,26.47,12.5,0.0,93025,0,093100,2,0,60.0,90.0,70.0,70.0,50.0,68.0,加速,昨日连板股(limit_times≥2)中，今日未继续涨停的数量,昨日高位连板股(limit_times≥3)中，今日未继续涨停的数量,今日涨停∩昨日涨停 / 昨日涨停总数 × 100,昨日首板∩今日连板(limit_times≥2) / 昨日首板数 × 100,昨日2板∩今日3板及以上 / 昨日2板总数 × 100,昨日3板∩今日4板及以上 / 昨日3板总数 × 100,今日最终涨停且盘中开板(open_times>0) / (今日最终涨停且盘中开板 + 炸板未封家数) × 100,zha_count / (up_count + zha_count) × 100,"min(up_count / max(down_count, 1), 20)，clip防极端值",(big_cap_up + 2*mega_cap_up) / up_count × 100，大市值涨停加权占比,当日最高板股票中，first_time 最早者的首次封板时间,当日最高板代表股 open_times>0 记为1，否则记为0,当日首板股按 first_time 排序后，第3只首板出现时间，作为批量启动时点,当日炸板股中，13:00后出现 first_time 的炸板家数（v1 近似为午后高位风险代理）,当日最高板代表股 last_time≥14:30 记为1，作为尾盘高位波动风险代理（v1）,"v2: 0.20*h + 0.25*p + 0.20*z + 0.10*u + 0.25*s (120日分位数排名) × 交互修正(高度×质量, 赚亏对冲)",冰点(<20)|回暖(<35且上升)|加速(>60且上升)|分歧(>50且下降)|退潮(<40从>45连降)|震荡(其他)
20251105,67,1,27,7,19,48,42,0,0,,6,2,38.0,30.56,55.56,50.0,48.08,28.72,20,0.0,92502,0,093400,13,0,83.33,91.67,58.33,83.33,50.0,72.08,加速,昨日连板股(limit_times≥2)中，今日未继续涨停的数量,昨日高位连板股(limit_times≥3)中，今日未继续涨停的数量,今日涨停∩昨日涨停 / 昨日涨停总数 × 100,昨日首板∩今日连板(limit_times≥2) / 昨日首板数 × 100,昨日2板∩今日3板及以上 / 昨日2板总数 × 100,昨日3板∩今日4板及以上 / 昨日3板总数 × 100,今日最终涨停且盘中开板(open_times>0) / (今日最终涨停且盘中开板 + 炸板未封家数) × 100,zha_count / (up_count + zha_count) × 100,"min(up_count / max(down_count, 1), 20)，clip防极端值",(big_cap_up + 2*mega_cap_up) / up_count × 100，大市值涨停加权占比,当日最高板股票中，first_time 最早者的首次封板时间,当日最高板代表股 open_times>0 记为1，否则记为0,当日首板股按 first_time 排序后，第3只首板出现时间，作为批量启动时点,当日炸板股中，13:00后出现 first_time 的炸板家数（v1 近似为午后高位风险代理）,当日最高板代表股 last_time≥14:30 记为1，作为尾盘高位波动风险代理（v1）,"v2: 0.20*h + 0.25*p + 0.20*z + 0.10*u + 0.25*s (120日分位数排名) × 交互修正(高度×质量, 赚亏对冲)",冰点(<20)|回暖(<35且上升)|加速(>60且上升)|分歧(>50且下降)|退潮(<40从>45连降)|震荡(其他)
20251106,62,9,33,8,11,51,34,0,0,,15,6,16.42,14.58,18.18,20.0,45.9,34.74,6.89,0.0,92500,1,093000,11,0,92.86,21.43,21.43,35.71,50.0,44.29,退潮,昨日连板股(limit_times≥2)中，今日未继续涨停的数量,昨日高位连板股(limit_times≥3)中，今日未继续涨停的数量,今日涨停∩昨日涨停 / 昨日涨停总数 × 100,昨日首板∩今日连板(limit_times≥2) / 昨日首板数 × 100,昨日2板∩今日3板及以上 / 昨日2板总数 × 100,昨日3板∩今日4板及以上 / 昨日3板总数 × 100,今日最终涨停且盘中开板(open_times>0) / (今日最终涨停且盘中开板 + 炸板未封家数) × 100,zha_count / (up_count + zha_count) × 100,"min(up_count / max(down_count, 1), 20)，clip防极端值",(big_cap_up + 2*mega_cap_up) / up_count × 100，大市值涨停加权占比,当日最高板股票中，first_time 最早者的首次封板时间,当日最高板代表股 open_times>0 记为1，否则记为0,当日首板股按 first_time 排序后，第3只首板出现时间，作为批量启动时点,当日炸板股中，13:00后出现 first_time 的炸板家数（v1 近似为午后高位风险代理）,当日最高板代表股 last_time≥14:30 记为1，作为尾盘高位波动风险代理（v1）,"v2: 0.20*h + 0.25*p + 0.20*z + 0.10*u + 0.25*s (120日分位数排名) × 交互修正(高度×质量, 赚亏对冲)",冰点(<20)|回暖(<35且上升)|加速(>60且上升)|分歧(>50且下降)|退潮(<40从>45连降)|震荡(其他)
20251107,53,2,27,9,12,41,26,0,0,,7,1,19.35,15.69,14.29,50.0,50.0,33.75,20,0.0,144857,1,093200,8,1,93.75,43.75,31.25,81.25,50.0,56.56,回暖,昨日连板股(limit_times≥2)中，今日未继续涨停的数量,昨日高位连板股(limit_times≥3)中，今日未继续涨停的数量,今日涨停∩昨日涨停 / 昨日涨停总数 × 100,昨日首板∩今日连板(limit_times≥2) / 昨日首板数 × 100,昨日2板∩今日3板及以上 / 昨日2板总数 × 100,昨日3板∩今日4板及以上 / 昨日3板总数 × 100,今日最终涨停且盘中开板(open_times>0) / (今日最终涨停且盘中开板 + 炸板未封家数) × 100,zha_count / (up_count + zha_count) × 100,"min(up_count / max(down_count, 1), 20)，clip防极端值",(big_cap_up + 2*mega_cap_up) / up_count × 100，大市值涨停加权占比,当日最高板股票中，first_time 最早者的首次封板时间,当日最高板代表股 open_times>0 记为1，否则记为0,当日首板股按 first_time 排序后，第3只首板出现时间，作为批量启动时点,当日炸板股中，13:00后出现 first_time 的炸板家数（v1 近似为午后高位风险代理）,当日最高板代表股 last_time≥14:30 记为1，作为尾盘高位波动风险代理（v1）,"v2: 0.20*h + 0.25*p + 0.20*z + 0.10*u + 0.25*s (120日分位数排名) × 交互修正(高度×质量, 赚亏对冲)",冰点(<20)|回暖(<35且上升)|加速(>60且上升)|分歧(>50且下降)|退潮(<40从>45连降)|震荡(其他)
20251110,71,6,43,5,11,60,36,0,0,,6,2,20.75,12.2,50.0,100.0,44.87,37.72,11.83,0.0,93457,1,092500,11,0,16.67,72.22,16.67,50.0,50.0,38.0,退潮,昨日连板股(limit_times≥2)中，今日未继续涨停的数量,昨日高位连板股(limit_times≥3)中，今日未继续涨停的数量,今日涨停∩昨日涨停 / 昨日涨停总数 × 100,昨日首板∩今日连板(limit_times≥2) / 昨日首板数 × 100,昨日2板∩今日3板及以上 / 昨日2板总数 × 100,昨日3板∩今日4板及以上 / 昨日3板总数 × 100,今日最终涨停且盘中开板(open_times>0) / (今日最终涨停且盘中开板 + 炸板未封家数) × 100,zha_count / (up_count + zha_count) × 100,"min(up_count / max(down_count, 1), 20)，clip防极端值",(big_cap_up + 2*mega_cap_up) / up_count × 100，大市值涨停加权占比,当日最高板股票中，first_time 最早者的首次封板时间,当日最高板代表股 open_times>0 记为1，否则记为0,当日首板股按 first_time 排序后，第3只首板出现时间，作为批量启动时点,当日炸板股中，13:00后出现 first_time 的炸板家数（v1 近似为午后高位风险代理）,当日最高板代表股 last_time≥14:30 记为1，作为尾盘高位波动风险代理（v1）,"v2: 0.20*h + 0.25*p + 0.20*z + 0.10*u + 0.25*s (120日分位数排名) × 交互修正(高度×质量, 赚亏对冲)",冰点(<20)|回暖(<35且上升)|加速(>60且上升)|分歧(>50且下降)|退潮(<40从>45连降)|震荡(其他)
20251111,67,1,28,6,18,49,42,0,0,,8,4,25.35,25.0,20.0,25.0,47.17,29.47,20,0.0,93009,1,093000,8,1,45.0,85.0,65.0,80.0,50.0,63.75,加速,昨日连板股(limit_times≥2)中，今日未继续涨停的数量,昨日高位连板股(limit_times≥3)中，今日未继续涨停的数量,今日涨停∩昨日涨停 / 昨日涨停总数 × 100,昨日首板∩今日连板(limit_times≥2) / 昨日首板数 × 100,昨日2板∩今日3板及以上 / 昨日2板总数 × 100,昨日3板∩今日4板及以上 / 昨日3板总数 × 100,今日最终涨停且盘中开板(open_times>0) / (今日最终涨停且盘中开板 + 炸板未封家数) × 100,zha_count / (up_count + zha_count) × 100,"min(up_count / max(down_count, 1), 20)，clip防极端值",(big_cap_up + 2*mega_cap_up) / up_count × 100，大市值涨停加权占比,当日最高板股票中，first_time 最早者的首次封板时间,当日最高板代表股 open_times>0 记为1，否则记为0,当日首板股按 first_time 排序后，第3只首板出现时间，作为批量启动时点,当日炸板股中，13:00后出现 first_time 的炸板家数（v1 近似为午后高位风险代理）,当日最高板代表股 last_time≥14:30 记为1，作为尾盘高位波动风险代理（v1）,"v2: 0.20*h + 0.25*p + 0.20*z + 0.10*u + 0.25*s (120日分位数排名) × 交互修正(高度×质量, 赚亏对冲)",冰点(<20)|回暖(<35且上升)|加速(>60且上升)|分歧(>50且下降)|退潮(<40从>45连降)|震荡(其他)
20251112,58,5,19,7,19,39,29,0,0,,9,0,28.36,20.41,40.0,100.0,60.42,24.68,11.6,0.0,94618,1,093100,1,0,68.18,86.36,86.36,40.91,50.0,69.09,加速,昨日连板股(limit_times≥2)中，今日未继续涨停的数量,昨日高位连板股(limit_times≥3)中，今日未继续涨停的数量,今日涨停∩昨日涨停 / 昨日涨停总数 × 100,昨日首板∩今日连板(limit_times≥2) / 昨日首板数 × 100,昨日2板∩今日3板及以上 / 昨日2板总数 × 100,昨日3板∩今日4板及以上 / 昨日3板总数 × 100,今日最终涨停且盘中开板(open_times>0) / (今日最终涨停且盘中开板 + 炸板未封家数) × 100,zha_count / (up_count + zha_count) × 100,"min(up_count / max(down_count, 1), 20)，clip防极端值",(big_cap_up + 2*mega_cap_up) / up_count × 100，大市值涨停加权占比,当日最高板股票中，first_time 最早者的首次封板时间,当日最高板代表股 open_times>0 记为1，否则记为0,当日首板股按 first_time 排序后，第3只首板出现时间，作为批量启动时点,当日炸板股中，13:00后出现 first_time 的炸板家数（v1 近似为午后高位风险代理）,当日最高板代表股 last_time≥14:30 记为1，作为尾盘高位波动风险代理（v1）,"v2: 0.20*h + 0.25*p + 0.20*z + 0.10*u + 0.25*s (120日分位数排名) × 交互修正(高度×质量, 赚亏对冲)",冰点(<20)|回暖(<35且上升)|加速(>60且上升)|分歧(>50且下降)|退潮(<40从>45连降)|震荡(其他)
20251113,85,0,41,8,18,67,41,0,0,,8,2,31.03,17.95,40.0,66.67,51.76,32.54,20,0.0,95915,1,093000,13,0,83.33,87.5,54.17,79.17,50.0,69.79,加速,昨日连板股(limit_times≥2)中，今日未继续涨停的数量,昨日高位连板股(limit_times≥3)中，今日未继续涨停的数量,今日涨停∩昨日涨停 / 昨日涨停总数 × 100,昨日首板∩今日连板(limit_times≥2) / 昨日首板数 × 100,昨日2板∩今日3板及以上 / 昨日2板总数 × 100,昨日3板∩今日4板及以上 / 昨日3板总数 × 100,今日最终涨停且盘中开板(open_times>0) / (今日最终涨停且盘中开板 + 炸板未封家数) × 100,zha_count / (up_count + zha_count) × 100,"min(up_count / max(down_count, 1), 20)，clip防极端值",(big_cap_up + 2*mega_cap_up) / up_count × 100，大市值涨停加权占比,当日最高板股票中，first_time 最早者的首次封板时间,当日最高板代表股 open_times>0 记为1，否则记为0,当日首板股按 first_time 排序后，第3只首板出现时间，作为批量启动时点,当日炸板股中，13:00后出现 first_time 的炸板家数（v1 近似为午后高位风险代理）,当日最高板代表股 last_time≥14:30 记为1，作为尾盘高位波动风险代理（v1）,"v2: 0.20*h + 0.25*p + 0.20*z + 0.10*u + 0.25*s (120日分位数排名) × 交互修正(高度×质量, 赚亏对冲)",冰点(<20)|回暖(<35且上升)|加速(>60且上升)|分歧(>50且下降)|退潮(<40从>45连降)|震荡(其他)
20251114,70,6,29,7,21,49,40,0,0,,8,4,24.71,16.42,42.86,50.0,50.85,29.29,11.67,0.0,92500,0,093100,5,0,61.54,65.38,65.38,42.31,50.0,58.46,分歧,昨日连板股(limit_times≥2)中，今日未继续涨停的数量,昨日高位连板股(limit_times≥3)中，今日未继续涨停的数量,今日涨停∩昨日涨停 / 昨日涨停总数 × 100,昨日首板∩今日连板(limit_times≥2) / 昨日首板数 × 100,昨日2板∩今日3板及以上 / 昨日2板总数 × 100,昨日3板∩今日4板及以上 / 昨日3板总数 × 100,今日最终涨停且盘中开板(open_times>0) / (今日最终涨停且盘中开板 + 炸板未封家数) × 100,zha_count / (up_count + zha_count) × 100,"min(up_count / max(down_count, 1), 20)，clip防极端值",(big_cap_up + 2*mega_cap_up) / up_count × 100，大市值涨停加权占比,当日最高板股票中，first_time 最早者的首次封板时间,当日最高板代表股 open_times>0 记为1，否则记为0,当日首板股按 first_time 排序后，第3只首板出现时间，作为批量启动时点,当日炸板股中，13:00后出现 first_time 的炸板家数（v1 近似为午后高位风险代理）,当日最高板代表股 last_time≥14:30 记为1，作为尾盘高位波动风险代理（v1）,"v2: 0.20*h + 0.25*p + 0.20*z + 0.10*u + 0.25*s (120日分位数排名) × 交互修正(高度×质量, 赚亏对冲)",冰点(<20)|回暖(<35且上升)|加速(>60且上升)|分歧(>50且下降)|退潮(<40从>45连降)|震荡(其他)
20251117,85,4,25,8,25,60,35,0,0,,9,3,35.71,26.53,45.45,66.67,66.67,22.73,20,0.0,92500,0,093000,3,0,82.14,89.29,96.43,78.57,50.0,78.39,加速,昨日连板股(limit_times≥2)中，今日未继续涨停的数量,昨日高位连板股(limit_times≥3)中，今日未继续涨停的数量,今日涨停∩昨日涨停 / 昨日涨停总数 × 100,昨日首板∩今日连板(limit_times≥2) / 昨日首板数 × 100,昨日2板∩今日3板及以上 / 昨日2板总数 × 100,昨日3板∩今日4板及以上 / 昨日3板总数 × 100,今日最终涨停且盘中开板(open_times>0) / (今日最终涨停且盘中开板 + 炸板未封家数) × 100,zha_count / (up_count + zha_count) × 100,"min(up_count / max(down_count, 1), 20)，clip防极端值",(big_cap_up + 2*mega_cap_up) / up_count × 100，大市值涨停加权占比,当日最高板股票中，first_time 最早者的首次封板时间,当日最高板代表股 open_times>0 记为1，否则记为0,当日首板股按 first_time 排序后，第3只首板出现时间，作为批量启动时点,当日炸板股中，13:00后出现 first_time 的炸板家数（v1 近似为午后高位风险代理）,当日最高板代表股 last_time≥14:30 记为1，作为尾盘高位波动风险代理（v1）,"v2: 0.20*h + 0.25*p + 0.20*z + 0.10*u + 0.25*s (120日分位数排名) × 交互修正(高度×质量, 赚亏对冲)",冰点(<20)|回暖(<35且上升)|加速(>60且上升)|分歧(>50且下降)|退潮(<40从>45连降)|震荡(其他)
20251118,45,31,26,6,17,28,23,0,0,,16,7,20.0,13.33,30.77,40.0,45.83,36.62,1.45,0.0,92500,1,093200,1,0,33.33,40.0,16.67,3.33,50.0,32.83,退潮,昨日连板股(limit_times≥2)中，今日未继续涨停的数量,昨日高位连板股(limit_times≥3)中，今日未继续涨停的数量,今日涨停∩昨日涨停 / 昨日涨停总数 × 100,昨日首板∩今日连板(limit_times≥2) / 昨日首板数 × 100,昨日2板∩今日3板及以上 / 昨日2板总数 × 100,昨日3板∩今日4板及以上 / 昨日3板总数 × 100,今日最终涨停且盘中开板(open_times>0) / (今日最终涨停且盘中开板 + 炸板未封家数) × 100,zha_count / (up_count + zha_count) × 100,"min(up_count / max(down_count, 1), 20)，clip防极端值",(big_cap_up + 2*mega_cap_up) / up_count × 100，大市值涨停加权占比,当日最高板股票中，first_time 最早者的首次封板时间,当日最高板代表股 open_times>0 记为1，否则记为0,当日首板股按 first_time 排序后，第3只首板出现时间，作为批量启动时点,当日炸板股中，13:00后出现 first_time 的炸板家数（v1 近似为午后高位风险代理）,当日最高板代表股 last_time≥14:30 记为1，作为尾盘高位波动风险代理（v1）,"v2: 0.20*h + 0.25*p + 0.20*z + 0.10*u + 0.25*s (120日分位数排名) × 交互修正(高度×质量, 赚亏对冲)",冰点(<20)|回暖(<35且上升)|加速(>60且上升)|分歧(>50且下降)|退潮(<40从>45连降)|震荡(其他)
20251119,54,22,21,6,15,39,27,0,0,,9,4,33.33,25.0,37.5,75.0,56.25,28.0,2.45,0.0,92500,1,093000,5,1,34.38,84.38,71.88,9.38,50.0,55.79,回暖,昨日连板股(limit_times≥2)中，今日未继续涨停的数量,昨日高位连板股(limit_times≥3)中，今日未继续涨停的数量,今日涨停∩昨日涨停 / 昨日涨停总数 × 100,昨日首板∩今日连板(limit_times≥2) / 昨日首板数 × 100,昨日2板∩今日3板及以上 / 昨日2板总数 × 100,昨日3板∩今日4板及以上 / 昨日3板总数 × 100,今日最终涨停且盘中开板(open_times>0) / (今日最终涨停且盘中开板 + 炸板未封家数) × 100,zha_count / (up_count + zha_count) × 100,"min(up_count / max(down_count, 1), 20)，clip防极端值",(big_cap_up + 2*mega_cap_up) / up_count × 100，大市值涨停加权占比,当日最高板股票中，first_time 最早者的首次封板时间,当日最高板代表股 open_times>0 记为1，否则记为0,当日首板股按 first_time 排序后，第3只首板出现时间，作为批量启动时点,当日炸板股中，13:00后出现 first_time 的炸板家数（v1 近似为午后高位风险代理）,当日最高板代表股 last_time≥14:30 记为1，作为尾盘高位波动风险代理（v1）,"v2: 0.20*h + 0.25*p + 0.20*z + 0.10*u + 0.25*s (120日分位数排名) × 交互修正(高度×质量, 赚亏对冲)",冰点(<20)|回暖(<35且上升)|加速(>60且上升)|分歧(>50且下降)|退潮(<40从>45连降)|震荡(其他)
20251120,41,7,42,7,12,29,20,0,0,,9,4,22.22,15.38,28.57,33.33,33.33,50.6,5.86,0.0,93025,1,093400,4,1,61.76,55.88,2.94,26.47,50.0,42.06,退潮,昨日连板股(limit_times≥2)中，今日未继续涨停的数量,昨日高位连板股(limit_times≥3)中，今日未继续涨停的数量,今日涨停∩昨日涨停 / 昨日涨停总数 × 100,昨日首板∩今日连板(limit_times≥2) / 昨日首板数 × 100,昨日2板∩今日3板及以上 / 昨日2板总数 × 100,昨日3板∩今日4板及以上 / 昨日3板总数 × 100,今日最终涨停且盘中开板(open_times>0) / (今日最终涨停且盘中开板 + 炸板未封家数) × 100,zha_count / (up_count + zha_count) × 100,"min(up_count / max(down_count, 1), 20)，clip防极端值",(big_cap_up + 2*mega_cap_up) / up_count × 100，大市值涨停加权占比,当日最高板股票中，first_time 最早者的首次封板时间,当日最高板代表股 open_times>0 记为1，否则记为0,当日首板股按 first_time 排序后，第3只首板出现时间，作为批量启动时点,当日炸板股中，13:00后出现 first_time 的炸板家数（v1 近似为午后高位风险代理）,当日最高板代表股 last_time≥14:30 记为1，作为尾盘高位波动风险代理（v1）,"v2: 0.20*h + 0.25*p + 0.20*z + 0.10*u + 0.25*s (120日分位数排名) × 交互修正(高度×质量, 赚亏对冲)",冰点(<20)|回暖(<35且上升)|加速(>60且上升)|分歧(>50且下降)|退潮(<40从>45连降)|震荡(其他)
20251121,28,71,20,6,9,19,14,0,0,,7,4,21.95,13.79,50.0,0.0,41.18,41.67,0.39,0.0,93103,1,093100,3,1,33.33,52.78,8.33,2.78,50.0,34.3,退潮,昨日连板股(limit_times≥2)中，今日未继续涨停的数量,昨日高位连板股(limit_times≥3)中，今日未继续涨停的数量,今日涨停∩昨日涨停 / 昨日涨停总数 × 100,昨日首板∩今日连板(limit_times≥2) / 昨日首板数 × 100,昨日2板∩今日3板及以上 / 昨日2板总数 × 100,昨日3板∩今日4板及以上 / 昨日3板总数 × 100,今日最终涨停且盘中开板(open_times>0) / (今日最终涨停且盘中开板 + 炸板未封家数) × 100,zha_count / (up_count + zha_count) × 100,"min(up_count / max(down_count, 1), 20)，clip防极端值",(big_cap_up + 2*mega_cap_up) / up_count × 100，大市值涨停加权占比,当日最高板股票中，first_time 最早者的首次封板时间,当日最高板代表股 open_times>0 记为1，否则记为0,当日首板股按 first_time 排序后，第3只首板出现时间，作为批量启动时点,当日炸板股中，13:00后出现 first_time 的炸板家数（v1 近似为午后高位风险代理）,当日最高板代表股 last_time≥14:30 记为1，作为尾盘高位波动风险代理（v1）,"v2: 0.20*h + 0.25*p + 0.20*z + 0.10*u + 0.25*s (120日分位数排名) × 交互修正(高度×质量, 赚亏对冲)",冰点(<20)|回暖(<35且上升)|加速(>60且上升)|分歧(>50且下降)|退潮(<40从>45连降)|震荡(其他)
20251124,66,23,20,7,13,53,41,0,0,,5,2,46.43,47.37,25.0,66.67,55.56,23.26,2.87,0.0,93039,1,093000,8,0,63.16,97.37,92.11,18.42,50.0,69.74,加速,昨日连板股(limit_times≥2)中，今日未继续涨停的数量,昨日高位连板股(limit_times≥3)中，今日未继续涨停的数量,今日涨停∩昨日涨停 / 昨日涨停总数 × 100,昨日首板∩今日连板(limit_times≥2) / 昨日首板数 × 100,昨日2板∩今日3板及以上 / 昨日2板总数 × 100,昨日3板∩今日4板及以上 / 昨日3板总数 × 100,今日最终涨停且盘中开板(open_times>0) / (今日最终涨停且盘中开板 + 炸板未封家数) × 100,zha_count / (up_count + zha_count) × 100,"min(up_count / max(down_count, 1), 20)，clip防极端值",(big_cap_up + 2*mega_cap_up) / up_count × 100，大市值涨停加权占比,当日最高板股票中，first_time 最早者的首次封板时间,当日最高板代表股 open_times>0 记为1，否则记为0,当日首板股按 first_time 排序后，第3只首板出现时间，作为批量启动时点,当日炸板股中，13:00后出现 first_time 的炸板家数（v1 近似为午后高位风险代理）,当日最高板代表股 last_time≥14:30 记为1，作为尾盘高位波动风险代理（v1）,"v2: 0.20*h + 0.25*p + 0.20*z + 0.10*u + 0.25*s (120日分位数排名) × 交互修正(高度×质量, 赚亏对冲)",冰点(<20)|回暖(<35且上升)|加速(>60且上升)|分歧(>50且下降)|退潮(<40从>45连降)|震荡(其他)
20251125,77,4,25,5,12,65,46,0,0,,6,2,18.18,9.43,55.56,100.0,55.36,24.51,19.25,0.0,93154,1,093000,6,1,10.0,17.5,82.5,67.5,50.0,42.12,退潮,昨日连板股(limit_times≥2)中，今日未继续涨停的数量,昨日高位连板股(limit_times≥3)中，今日未继续涨停的数量,今日涨停∩昨日涨停 / 昨日涨停总数 × 100,昨日首板∩今日连板(limit_times≥2) / 昨日首板数 × 100,昨日2板∩今日3板及以上 / 昨日2板总数 × 100,昨日3板∩今日4板及以上 / 昨日3板总数 × 100,今日最终涨停且盘中开板(open_times>0) / (今日最终涨停且盘中开板 + 炸板未封家数) × 100,zha_count / (up_count + zha_count) × 100,"min(up_count / max(down_count, 1), 20)，clip防极端值",(big_cap_up + 2*mega_cap_up) / up_count × 100，大市值涨停加权占比,当日最高板股票中，first_time 最早者的首次封板时间,当日最高板代表股 open_times>0 记为1，否则记为0,当日首板股按 first_time 排序后，第3只首板出现时间，作为批量启动时点,当日炸板股中，13:00后出现 first_time 的炸板家数（v1 近似为午后高位风险代理）,当日最高板代表股 last_time≥14:30 记为1，作为尾盘高位波动风险代理（v1）,"v2: 0.20*h + 0.25*p + 0.20*z + 0.10*u + 0.25*s (120日分位数排名) × 交互修正(高度×质量, 赚亏对冲)",冰点(<20)|回暖(<35且上升)|加速(>60且上升)|分歧(>50且下降)|退潮(<40从>45连降)|震荡(其他)
20251126,68,3,23,5,21,47,38,0,0,,5,3,27.27,21.54,60.0,60.0,56.6,25.27,20,0.0,92502,0,093300,9,0,11.9,69.05,73.81,83.33,50.0,55.24,回暖,昨日连板股(limit_times≥2)中，今日未继续涨停的数量,昨日高位连板股(limit_times≥3)中，今日未继续涨停的数量,今日涨停∩昨日涨停 / 昨日涨停总数 × 100,昨日首板∩今日连板(limit_times≥2) / 昨日首板数 × 100,昨日2板∩今日3板及以上 / 昨日2板总数 × 100,昨日3板∩今日4板及以上 / 昨日3板总数 × 100,今日最终涨停且盘中开板(open_times>0) / (今日最终涨停且盘中开板 + 炸板未封家数) × 100,zha_count / (up_count + zha_count) × 100,"min(up_count / max(down_count, 1), 20)，clip防极端值",(big_cap_up + 2*mega_cap_up) / up_count × 100，大市值涨停加权占比,当日最高板股票中，first_time 最早者的首次封板时间,当日最高板代表股 open_times>0 记为1，否则记为0,当日首板股按 first_time 排序后，第3只首板出现时间，作为批量启动时点,当日炸板股中，13:00后出现 first_time 的炸板家数（v1 近似为午后高位风险代理）,当日最高板代表股 last_time≥14:30 记为1，作为尾盘高位波动风险代理（v1）,"v2: 0.20*h + 0.25*p + 0.20*z + 0.10*u + 0.25*s (120日分位数排名) × 交互修正(高度×质量, 赚亏对冲)",冰点(<20)|回暖(<35且上升)|加速(>60且上升)|分歧(>50且下降)|退潮(<40从>45连降)|震荡(其他)
20251127,53,8,34,4,10,43,32,0,0,,17,5,14.71,12.77,14.29,66.67,38.18,39.08,6.62,0.0,92500,0,093000,4,0,2.27,6.82,15.91,34.09,50.0,21.25,退潮,昨日连板股(limit_times≥2)中，今日未继续涨停的数量,昨日高位连板股(limit_times≥3)中，今日未继续涨停的数量,今日涨停∩昨日涨停 / 昨日涨停总数 × 100,昨日首板∩今日连板(limit_times≥2) / 昨日首板数 × 100,昨日2板∩今日3板及以上 / 昨日2板总数 × 100,昨日3板∩今日4板及以上 / 昨日3板总数 × 100,今日最终涨停且盘中开板(open_times>0) / (今日最终涨停且盘中开板 + 炸板未封家数) × 100,zha_count / (up_count + zha_count) × 100,"min(up_count / max(down_count, 1), 20)，clip防极端值",(big_cap_up + 2*mega_cap_up) / up_count × 100，大市值涨停加权占比,当日最高板股票中，first_time 最早者的首次封板时间,当日最高板代表股 open_times>0 记为1，否则记为0,当日首板股按 first_time 排序后，第3只首板出现时间，作为批量启动时点,当日炸板股中，13:00后出现 first_time 的炸板家数（v1 近似为午后高位风险代理）,当日最高板代表股 last_time≥14:30 记为1，作为尾盘高位波动风险代理（v1）,"v2: 0.20*h + 0.25*p + 0.20*z + 0.10*u + 0.25*s (120日分位数排名) × 交互修正(高度×质量, 赚亏对冲)",冰点(<20)|回暖(<35且上升)|加速(>60且上升)|分歧(>50且下降)|退潮(<40从>45连降)|震荡(其他)
20251128,70,3,27,5,9,61,46,0,0,,6,2,16.98,11.63,33.33,50.0,47.06,27.84,20,0.0,92500,0,092500,7,0,17.39,15.22,67.39,82.61,50.0,41.52,回暖,昨日连板股(limit_times≥2)中，今日未继续涨停的数量,昨日高位连板股(limit_times≥3)中，今日未继续涨停的数量,今日涨停∩昨日涨停 / 昨日涨停总数 × 100,昨日首板∩今日连板(limit_times≥2) / 昨日首板数 × 100,昨日2板∩今日3板及以上 / 昨日2板总数 × 100,昨日3板∩今日4板及以上 / 昨日3板总数 × 100,今日最终涨停且盘中开板(open_times>0) / (今日最终涨停且盘中开板 + 炸板未封家数) × 100,zha_count / (up_count + zha_count) × 100,"min(up_count / max(down_count, 1), 20)，clip防极端值",(big_cap_up + 2*mega_cap_up) / up_count × 100，大市值涨停加权占比,当日最高板股票中，first_time 最早者的首次封板时间,当日最高板代表股 open_times>0 记为1，否则记为0,当日首板股按 first_time 排序后，第3只首板出现时间，作为批量启动时点,当日炸板股中，13:00后出现 first_time 的炸板家数（v1 近似为午后高位风险代理）,当日最高板代表股 last_time≥14:30 记为1，作为尾盘高位波动风险代理（v1）,"v2: 0.20*h + 0.25*p + 0.20*z + 0.10*u + 0.25*s (120日分位数排名) × 交互修正(高度×质量, 赚亏对冲)",冰点(<20)|回暖(<35且上升)|加速(>60且上升)|分歧(>50且下降)|退潮(<40从>45连降)|震荡(其他)
20251201,64,3,27,6,18,46,37,0,0,,2,1,25.71,18.03,80.0,100.0,50.0,29.67,20,0.0,92500,0,092500,3,0,43.75,68.75,47.92,81.25,50.0,56.15,回暖,昨日连板股(limit_times≥2)中，今日未继续涨停的数量,昨日高位连板股(limit_times≥3)中，今日未继续涨停的数量,今日涨停∩昨日涨停 / 昨日涨停总数 × 100,昨日首板∩今日连板(limit_times≥2) / 昨日首板数 × 100,昨日2板∩今日3板及以上 / 昨日2板总数 × 100,昨日3板∩今日4板及以上 / 昨日3板总数 × 100,今日最终涨停且盘中开板(open_times>0) / (今日最终涨停且盘中开板 + 炸板未封家数) × 100,zha_count / (up_count + zha_count) × 100,"min(up_count / max(down_count, 1), 20)，clip防极端值",(big_cap_up + 2*mega_cap_up) / up_count × 100，大市值涨停加权占比,当日最高板股票中，first_time 最早者的首次封板时间,当日最高板代表股 open_times>0 记为1，否则记为0,当日首板股按 first_time 排序后，第3只首板出现时间，作为批量启动时点,当日炸板股中，13:00后出现 first_time 的炸板家数（v1 近似为午后高位风险代理）,当日最高板代表股 last_time≥14:30 记为1，作为尾盘高位波动风险代理（v1）,"v2: 0.20*h + 0.25*p + 0.20*z + 0.10*u + 0.25*s (120日分位数排名) × 交互修正(高度×质量, 赚亏对冲)",冰点(<20)|回暖(<35且上升)|加速(>60且上升)|分歧(>50且下降)|退潮(<40从>45连降)|震荡(其他)
20251202,47,2,19,7,15,32,25,0,0,,7,1,23.44,8.7,45.45,75.0,53.66,28.79,20,0.0,93012,0,093100,4,0,70.0,58.0,58.0,80.0,50.0,60.6,加速,昨日连板股(limit_times≥2)中，今日未继续涨停的数量,昨日高位连板股(limit_times≥3)中，今日未继续涨停的数量,今日涨停∩昨日涨停 / 昨日涨停总数 × 100,昨日首板∩今日连板(limit_times≥2) / 昨日首板数 × 100,昨日2板∩今日3板及以上 / 昨日2板总数 × 100,昨日3板∩今日4板及以上 / 昨日3板总数 × 100,今日最终涨停且盘中开板(open_times>0) / (今日最终涨停且盘中开板 + 炸板未封家数) × 100,zha_count / (up_count + zha_count) × 100,"min(up_count / max(down_count, 1), 20)，clip防极端值",(big_cap_up + 2*mega_cap_up) / up_count × 100，大市值涨停加权占比,当日最高板股票中，first_time 最早者的首次封板时间,当日最高板代表股 open_times>0 记为1，否则记为0,当日首板股按 first_time 排序后，第3只首板出现时间，作为批量启动时点,当日炸板股中，13:00后出现 first_time 的炸板家数（v1 近似为午后高位风险代理）,当日最高板代表股 last_time≥14:30 记为1，作为尾盘高位波动风险代理（v1）,"v2: 0.20*h + 0.25*p + 0.20*z + 0.10*u + 0.25*s (120日分位数排名) × 交互修正(高度×质量, 赚亏对冲)",冰点(<20)|回暖(<35且上升)|加速(>60且上升)|分歧(>50且下降)|退潮(<40从>45连降)|震荡(其他)
20251203,48,7,25,6,11,37,18,0,0,,10,7,23.4,18.75,25.0,20.0,54.55,34.25,6.86,0.0,92500,1,093000,3,0,42.31,55.77,28.85,32.69,50.0,43.94,退潮,昨日连板股(limit_times≥2)中，今日未继续涨停的数量,昨日高位连板股(limit_times≥3)中，今日未继续涨停的数量,今日涨停∩昨日涨停 / 昨日涨停总数 × 100,昨日首板∩今日连板(limit_times≥2) / 昨日首板数 × 100,昨日2板∩今日3板及以上 / 昨日2板总数 × 100,昨日3板∩今日4板及以上 / 昨日3板总数 × 100,今日最终涨停且盘中开板(open_times>0) / (今日最终涨停且盘中开板 + 炸板未封家数) × 100,zha_count / (up_count + zha_count) × 100,"min(up_count / max(down_count, 1), 20)，clip防极端值",(big_cap_up + 2*mega_cap_up) / up_count × 100，大市值涨停加权占比,当日最高板股票中，first_time 最早者的首次封板时间,当日最高板代表股 open_times>0 记为1，否则记为0,当日首板股按 first_time 排序后，第3只首板出现时间，作为批量启动时点,当日炸板股中，13:00后出现 first_time 的炸板家数（v1 近似为午后高位风险代理）,当日最高板代表股 last_time≥14:30 记为1，作为尾盘高位波动风险代理（v1）,"v2: 0.20*h + 0.25*p + 0.20*z + 0.10*u + 0.25*s (120日分位数排名) × 交互修正(高度×质量, 赚亏对冲)",冰点(<20)|回暖(<35且上升)|加速(>60且上升)|分歧(>50且下降)|退潮(<40从>45连降)|震荡(其他)
20251204,38,13,26,3,10,28,14,0,0,,8,5,20.83,18.92,50.0,0.0,48.0,40.62,2.92,0.0,92500,0,093000,6,0,1.85,42.59,9.26,16.67,50.0,27.04,退潮,昨日连板股(limit_times≥2)中，今日未继续涨停的数量,昨日高位连板股(limit_times≥3)中，今日未继续涨停的数量,今日涨停∩昨日涨停 / 昨日涨停总数 × 100,昨日首板∩今日连板(limit_times≥2) / 昨日首板数 × 100,昨日2板∩今日3板及以上 / 昨日2板总数 × 100,昨日3板∩今日4板及以上 / 昨日3板总数 × 100,今日最终涨停且盘中开板(open_times>0) / (今日最终涨停且盘中开板 + 炸板未封家数) × 100,zha_count / (up_count + zha_count) × 100,"min(up_count / max(down_count, 1), 20)，clip防极端值",(big_cap_up + 2*mega_cap_up) / up_count × 100，大市值涨停加权占比,当日最高板股票中，first_time 最早者的首次封板时间,当日最高板代表股 open_times>0 记为1，否则记为0,当日首板股按 first_time 排序后，第3只首板出现时间，作为批量启动时点,当日炸板股中，13:00后出现 first_time 的炸板家数（v1 近似为午后高位风险代理）,当日最高板代表股 last_time≥14:30 记为1，作为尾盘高位波动风险代理（v1）,"v2: 0.20*h + 0.25*p + 0.20*z + 0.10*u + 0.25*s (120日分位数排名) × 交互修正(高度×质量, 赚亏对冲)",冰点(<20)|回暖(<35且上升)|加速(>60且上升)|分歧(>50且下降)|退潮(<40从>45连降)|震荡(其他)
20251205,73,2,21,4,11,62,45,0,0,,3,1,28.95,14.29,71.43,66.67,57.14,22.34,20,0.0,93131,1,093100,7,0,7.14,80.36,98.21,80.36,50.0,61.7,加速,昨日连板股(limit_times≥2)中，今日未继续涨停的数量,昨日高位连板股(limit_times≥3)中，今日未继续涨停的数量,今日涨停∩昨日涨停 / 昨日涨停总数 × 100,昨日首板∩今日连板(limit_times≥2) / 昨日首板数 × 100,昨日2板∩今日3板及以上 / 昨日2板总数 × 100,昨日3板∩今日4板及以上 / 昨日3板总数 × 100,今日最终涨停且盘中开板(open_times>0) / (今日最终涨停且盘中开板 + 炸板未封家数) × 100,zha_count / (up_count + zha_count) × 100,"min(up_count / max(down_count, 1), 20)，clip防极端值",(big_cap_up + 2*mega_cap_up) / up_count × 100，大市值涨停加权占比,当日最高板股票中，first_time 最早者的首次封板时间,当日最高板代表股 open_times>0 记为1，否则记为0,当日首板股按 first_time 排序后，第3只首板出现时间，作为批量启动时点,当日炸板股中，13:00后出现 first_time 的炸板家数（v1 近似为午后高位风险代理）,当日最高板代表股 last_time≥14:30 记为1，作为尾盘高位波动风险代理（v1）,"v2: 0.20*h + 0.25*p + 0.20*z + 0.10*u + 0.25*s (120日分位数排名) × 交互修正(高度×质量, 赚亏对冲)",冰点(<20)|回暖(<35且上升)|加速(>60且上升)|分歧(>50且下降)|退潮(<40从>45连降)|震荡(其他)
20251208,74,2,28,5,26,48,45,0,0,,5,3,35.62,32.26,50.0,60.0,50.88,27.45,20,0.0,92502,0,092500,5,0,22.41,87.93,70.69,79.31,50.0,61.03,分歧,昨日连板股(limit_times≥2)中，今日未继续涨停的数量,昨日高位连板股(limit_times≥3)中，今日未继续涨停的数量,今日涨停∩昨日涨停 / 昨日涨停总数 × 100,昨日首板∩今日连板(limit_times≥2) / 昨日首板数 × 100,昨日2板∩今日3板及以上 / 昨日2板总数 × 100,昨日3板∩今日4板及以上 / 昨日3板总数 × 100,今日最终涨停且盘中开板(open_times>0) / (今日最终涨停且盘中开板 + 炸板未封家数) × 100,zha_count / (up_count + zha_count) × 100,"min(up_count / max(down_count, 1), 20)，clip防极端值",(big_cap_up + 2*mega_cap_up) / up_count × 100，大市值涨停加权占比,当日最高板股票中，first_time 最早者的首次封板时间,当日最高板代表股 open_times>0 记为1，否则记为0,当日首板股按 first_time 排序后，第3只首板出现时间，作为批量启动时点,当日炸板股中，13:00后出现 first_time 的炸板家数（v1 近似为午后高位风险代理）,当日最高板代表股 last_time≥14:30 记为1，作为尾盘高位波动风险代理（v1）,"v2: 0.20*h + 0.25*p + 0.20*z + 0.10*u + 0.25*s (120日分位数排名) × 交互修正(高度×质量, 赚亏对冲)",冰点(<20)|回暖(<35且上升)|加速(>60且上升)|分歧(>50且下降)|退潮(<40从>45连降)|震荡(其他)
20251209,53,7,23,6,17,36,28,0,0,,19,2,22.97,20.83,15.0,50.0,52.08,30.26,7.57,0.0,93031,1,093300,5,0,48.33,51.67,45.0,38.33,50.0,47.92,退潮,昨日连板股(limit_times≥2)中，今日未继续涨停的数量,昨日高位连板股(limit_times≥3)中，今日未继续涨停的数量,今日涨停∩昨日涨停 / 昨日涨停总数 × 100,昨日首板∩今日连板(limit_times≥2) / 昨日首板数 × 100,昨日2板∩今日3板及以上 / 昨日2板总数 × 100,昨日3板∩今日4板及以上 / 昨日3板总数 × 100,今日最终涨停且盘中开板(open_times>0) / (今日最终涨停且盘中开板 + 炸板未封家数) × 100,zha_count / (up_count + zha_count) × 100,"min(up_count / max(down_count, 1), 20)，clip防极端值",(big_cap_up + 2*mega_cap_up) / up_count × 100，大市值涨停加权占比,当日最高板股票中，first_time 最早者的首次封板时间,当日最高板代表股 open_times>0 记为1，否则记为0,当日首板股按 first_time 排序后，第3只首板出现时间，作为批量启动时点,当日炸板股中，13:00后出现 first_time 的炸板家数（v1 近似为午后高位风险代理）,当日最高板代表股 last_time≥14:30 记为1，作为尾盘高位波动风险代理（v1）,"v2: 0.20*h + 0.25*p + 0.20*z + 0.10*u + 0.25*s (120日分位数排名) × 交互修正(高度×质量, 赚亏对冲)",冰点(<20)|回暖(<35且上升)|加速(>60且上升)|分歧(>50且下降)|退潮(<40从>45连降)|震荡(其他)
20251210,57,3,28,6,16,41,30,0,0,,9,4,30.19,22.22,50.0,66.67,49.09,32.94,19.0,0.0,140433,1,093000,3,1,48.39,79.03,40.32,56.45,50.0,55.64,回暖,昨日连板股(limit_times≥2)中，今日未继续涨停的数量,昨日高位连板股(limit_times≥3)中，今日未继续涨停的数量,今日涨停∩昨日涨停 / 昨日涨停总数 × 100,昨日首板∩今日连板(limit_times≥2) / 昨日首板数 × 100,昨日2板∩今日3板及以上 / 昨日2板总数 × 100,昨日3板∩今日4板及以上 / 昨日3板总数 × 100,今日最终涨停且盘中开板(open_times>0) / (今日最终涨停且盘中开板 + 炸板未封家数) × 100,zha_count / (up_count + zha_count) × 100,"min(up_count / max(down_count, 1), 20)，clip防极端值",(big_cap_up + 2*mega_cap_up) / up_count × 100，大市值涨停加权占比,当日最高板股票中，first_time 最早者的首次封板时间,当日最高板代表股 open_times>0 记为1，否则记为0,当日首板股按 first_time 排序后，第3只首板出现时间，作为批量启动时点,当日炸板股中，13:00后出现 first_time 的炸板家数（v1 近似为午后高位风险代理）,当日最高板代表股 last_time≥14:30 记为1，作为尾盘高位波动风险代理（v1）,"v2: 0.20*h + 0.25*p + 0.20*z + 0.10*u + 0.25*s (120日分位数排名) × 交互修正(高度×质量, 赚亏对冲)",冰点(<20)|回暖(<35且上升)|加速(>60且上升)|分歧(>50且下降)|退潮(<40从>45连降)|震荡(其他)
20251211,34,19,27,5,9,25,17,0,0,,12,5,15.79,12.2,12.5,40.0,38.64,44.26,1.79,0.0,95330,1,093200,4,0,21.88,7.81,4.69,7.81,50.0,20.55,退潮,昨日连板股(limit_times≥2)中，今日未继续涨停的数量,昨日高位连板股(limit_times≥3)中，今日未继续涨停的数量,今日涨停∩昨日涨停 / 昨日涨停总数 × 100,昨日首板∩今日连板(limit_times≥2) / 昨日首板数 × 100,昨日2板∩今日3板及以上 / 昨日2板总数 × 100,昨日3板∩今日4板及以上 / 昨日3板总数 × 100,今日最终涨停且盘中开板(open_times>0) / (今日最终涨停且盘中开板 + 炸板未封家数) × 100,zha_count / (up_count + zha_count) × 100,"min(up_count / max(down_count, 1), 20)，clip防极端值",(big_cap_up + 2*mega_cap_up) / up_count × 100，大市值涨停加权占比,当日最高板股票中，first_time 最早者的首次封板时间,当日最高板代表股 open_times>0 记为1，否则记为0,当日首板股按 first_time 排序后，第3只首板出现时间，作为批量启动时点,当日炸板股中，13:00后出现 first_time 的炸板家数（v1 近似为午后高位风险代理）,当日最高板代表股 last_time≥14:30 记为1，作为尾盘高位波动风险代理（v1）,"v2: 0.20*h + 0.25*p + 0.20*z + 0.10*u + 0.25*s (120日分位数排名) × 交互修正(高度×质量, 赚亏对冲)",冰点(<20)|回暖(<35且上升)|加速(>60且上升)|分歧(>50且下降)|退潮(<40从>45连降)|震荡(其他)
20251212,78,15,12,5,13,65,47,0,0,,7,3,38.24,44.0,20.0,0.0,72.09,13.33,5.2,0.0,93830,0,093000,3,0,22.73,95.45,98.48,22.73,50.0,62.88,加速,昨日连板股(limit_times≥2)中，今日未继续涨停的数量,昨日高位连板股(limit_times≥3)中，今日未继续涨停的数量,今日涨停∩昨日涨停 / 昨日涨停总数 × 100,昨日首板∩今日连板(limit_times≥2) / 昨日首板数 × 100,昨日2板∩今日3板及以上 / 昨日2板总数 × 100,昨日3板∩今日4板及以上 / 昨日3板总数 × 100,今日最终涨停且盘中开板(open_times>0) / (今日最终涨停且盘中开板 + 炸板未封家数) × 100,zha_count / (up_count + zha_count) × 100,"min(up_count / max(down_count, 1), 20)，clip防极端值",(big_cap_up + 2*mega_cap_up) / up_count × 100，大市值涨停加权占比,当日最高板股票中，first_time 最早者的首次封板时间,当日最高板代表股 open_times>0 记为1，否则记为0,当日首板股按 first_time 排序后，第3只首板出现时间，作为批量启动时点,当日炸板股中，13:00后出现 first_time 的炸板家数（v1 近似为午后高位风险代理）,当日最高板代表股 last_time≥14:30 记为1，作为尾盘高位波动风险代理（v1）,"v2: 0.20*h + 0.25*p + 0.20*z + 0.10*u + 0.25*s (120日分位数排名) × 交互修正(高度×质量, 赚亏对冲)",冰点(<20)|回暖(<35且上升)|加速(>60且上升)|分歧(>50且下降)|退潮(<40从>45连降)|震荡(其他)
20251215,59,9,33,6,13,46,36,0,0,,6,1,16.67,9.23,54.55,0.0,41.07,35.87,6.56,0.0,95824,1,093200,8,1,51.47,13.24,25.0,30.88,50.0,34.19,退潮,昨日连板股(limit_times≥2)中，今日未继续涨停的数量,昨日高位连板股(limit_times≥3)中，今日未继续涨停的数量,今日涨停∩昨日涨停 / 昨日涨停总数 × 100,昨日首板∩今日连板(limit_times≥2) / 昨日首板数 × 100,昨日2板∩今日3板及以上 / 昨日2板总数 × 100,昨日3板∩今日4板及以上 / 昨日3板总数 × 100,今日最终涨停且盘中开板(open_times>0) / (今日最终涨停且盘中开板 + 炸板未封家数) × 100,zha_count / (up_count + zha_count) × 100,"min(up_count / max(down_count, 1), 20)，clip防极端值",(big_cap_up + 2*mega_cap_up) / up_count × 100，大市值涨停加权占比,当日最高板股票中，first_time 最早者的首次封板时间,当日最高板代表股 open_times>0 记为1，否则记为0,当日首板股按 first_time 排序后，第3只首板出现时间，作为批量启动时点,当日炸板股中，13:00后出现 first_time 的炸板家数（v1 近似为午后高位风险代理）,当日最高板代表股 last_time≥14:30 记为1，作为尾盘高位波动风险代理（v1）,"v2: 0.20*h + 0.25*p + 0.20*z + 0.10*u + 0.25*s (120日分位数排名) × 交互修正(高度×质量, 赚亏对冲)",冰点(<20)|回暖(<35且上升)|加速(>60且上升)|分歧(>50且下降)|退潮(<40从>45连降)|震荡(其他)
20251216,42,15,19,4,12,30,26,0,0,,8,4,20.34,15.22,33.33,50.0,45.71,31.15,2.8,0.0,92500,0,093000,6,0,7.14,35.71,47.14,12.86,50.0,33.57,震荡,昨日连板股(limit_times≥2)中，今日未继续涨停的数量,昨日高位连板股(limit_times≥3)中，今日未继续涨停的数量,今日涨停∩昨日涨停 / 昨日涨停总数 × 100,昨日首板∩今日连板(limit_times≥2) / 昨日首板数 × 100,昨日2板∩今日3板及以上 / 昨日2板总数 × 100,昨日3板∩今日4板及以上 / 昨日3板总数 × 100,今日最终涨停且盘中开板(open_times>0) / (今日最终涨停且盘中开板 + 炸板未封家数) × 100,zha_count / (up_count + zha_count) × 100,"min(up_count / max(down_count, 1), 20)，clip防极端值",(big_cap_up + 2*mega_cap_up) / up_count × 100，大市值涨停加权占比,当日最高板股票中，first_time 最早者的首次封板时间,当日最高板代表股 open_times>0 记为1，否则记为0,当日首板股按 first_time 排序后，第3只首板出现时间，作为批量启动时点,当日炸板股中，13:00后出现 first_time 的炸板家数（v1 近似为午后高位风险代理）,当日最高板代表股 last_time≥14:30 记为1，作为尾盘高位波动风险代理（v1）,"v2: 0.20*h + 0.25*p + 0.20*z + 0.10*u + 0.25*s (120日分位数排名) × 交互修正(高度×质量, 赚亏对冲)",冰点(<20)|回暖(<35且上升)|加速(>60且上升)|分歧(>50且下降)|退潮(<40从>45连降)|震荡(其他)
20251217,49,19,20,5,8,41,25,0,0,,9,3,19.05,16.67,14.29,50.0,54.55,28.99,2.58,0.0,92502,1,093000,4,0,25.0,23.61,59.72,12.5,50.0,36.6,回暖,昨日连板股(limit_times≥2)中，今日未继续涨停的数量,昨日高位连板股(limit_times≥3)中，今日未继续涨停的数量,今日涨停∩昨日涨停 / 昨日涨停总数 × 100,昨日首板∩今日连板(limit_times≥2) / 昨日首板数 × 100,昨日2板∩今日3板及以上 / 昨日2板总数 × 100,昨日3板∩今日4板及以上 / 昨日3板总数 × 100,今日最终涨停且盘中开板(open_times>0) / (今日最终涨停且盘中开板 + 炸板未封家数) × 100,zha_count / (up_count + zha_count) × 100,"min(up_count / max(down_count, 1), 20)，clip防极端值",(big_cap_up + 2*mega_cap_up) / up_count × 100，大市值涨停加权占比,当日最高板股票中，first_time 最早者的首次封板时间,当日最高板代表股 open_times>0 记为1，否则记为0,当日首板股按 first_time 排序后，第3只首板出现时间，作为批量启动时点,当日炸板股中，13:00后出现 first_time 的炸板家数（v1 近似为午后高位风险代理）,当日最高板代表股 last_time≥14:30 记为1，作为尾盘高位波动风险代理（v1）,"v2: 0.20*h + 0.25*p + 0.20*z + 0.10*u + 0.25*s (120日分位数排名) × 交互修正(高度×质量, 赚亏对冲)",冰点(<20)|回暖(<35且上升)|加速(>60且上升)|分歧(>50且下降)|退潮(<40从>45连降)|震荡(其他)
20251218,61,4,19,6,17,44,37,0,0,,2,1,34.69,26.83,80.0,0.0,55.81,23.75,15.25,0.0,101315,1,093000,5,1,54.05,85.14,87.84,60.81,50.0,68.24,加速,昨日连板股(limit_times≥2)中，今日未继续涨停的数量,昨日高位连板股(limit_times≥3)中，今日未继续涨停的数量,今日涨停∩昨日涨停 / 昨日涨停总数 × 100,昨日首板∩今日连板(limit_times≥2) / 昨日首板数 × 100,昨日2板∩今日3板及以上 / 昨日2板总数 × 100,昨日3板∩今日4板及以上 / 昨日3板总数 × 100,今日最终涨停且盘中开板(open_times>0) / (今日最终涨停且盘中开板 + 炸板未封家数) × 100,zha_count / (up_count + zha_count) × 100,"min(up_count / max(down_count, 1), 20)，clip防极端值",(big_cap_up + 2*mega_cap_up) / up_count × 100，大市值涨停加权占比,当日最高板股票中，first_time 最早者的首次封板时间,当日最高板代表股 open_times>0 记为1，否则记为0,当日首板股按 first_time 排序后，第3只首板出现时间，作为批量启动时点,当日炸板股中，13:00后出现 first_time 的炸板家数（v1 近似为午后高位风险代理）,当日最高板代表股 last_time≥14:30 记为1，作为尾盘高位波动风险代理（v1）,"v2: 0.20*h + 0.25*p + 0.20*z + 0.10*u + 0.25*s (120日分位数排名) × 交互修正(高度×质量, 赚亏对冲)",冰点(<20)|回暖(<35且上升)|加速(>60且上升)|分歧(>50且下降)|退潮(<40从>45连降)|震荡(其他)
20251219,70,1,22,6,15,55,38,0,0,,10,4,24.59,18.18,45.45,25.0,59.26,23.91,20,0.0,92500,0,093000,3,0,53.95,59.21,85.53,82.89,50.0,63.49,分歧,昨日连板股(limit_times≥2)中，今日未继续涨停的数量,昨日高位连板股(limit_times≥3)中，今日未继续涨停的数量,今日涨停∩昨日涨停 / 昨日涨停总数 × 100,昨日首板∩今日连板(limit_times≥2) / 昨日首板数 × 100,昨日2板∩今日3板及以上 / 昨日2板总数 × 100,昨日3板∩今日4板及以上 / 昨日3板总数 × 100,今日最终涨停且盘中开板(open_times>0) / (今日最终涨停且盘中开板 + 炸板未封家数) × 100,zha_count / (up_count + zha_count) × 100,"min(up_count / max(down_count, 1), 20)，clip防极端值",(big_cap_up + 2*mega_cap_up) / up_count × 100，大市值涨停加权占比,当日最高板股票中，first_time 最早者的首次封板时间,当日最高板代表股 open_times>0 记为1，否则记为0,当日首板股按 first_time 排序后，第3只首板出现时间，作为批量启动时点,当日炸板股中，13:00后出现 first_time 的炸板家数（v1 近似为午后高位风险代理）,当日最高板代表股 last_time≥14:30 记为1，作为尾盘高位波动风险代理（v1）,"v2: 0.20*h + 0.25*p + 0.20*z + 0.10*u + 0.25*s (120日分位数排名) × 交互修正(高度×质量, 赚亏对冲)",冰点(<20)|回暖(<35且上升)|加速(>60且上升)|分歧(>50且下降)|退潮(<40从>45连降)|震荡(其他)
20251222,80,8,32,7,16,64,41,0,0,,10,3,22.86,20.0,12.5,60.0,54.93,28.57,10.0,0.0,92500,0,093000,8,0,79.49,50.0,62.82,47.44,50.0,58.21,分歧,昨日连板股(limit_times≥2)中，今日未继续涨停的数量,昨日高位连板股(limit_times≥3)中，今日未继续涨停的数量,今日涨停∩昨日涨停 / 昨日涨停总数 × 100,昨日首板∩今日连板(limit_times≥2) / 昨日首板数 × 100,昨日2板∩今日3板及以上 / 昨日2板总数 × 100,昨日3板∩今日4板及以上 / 昨日3板总数 × 100,今日最终涨停且盘中开板(open_times>0) / (今日最终涨停且盘中开板 + 炸板未封家数) × 100,zha_count / (up_count + zha_count) × 100,"min(up_count / max(down_count, 1), 20)，clip防极端值",(big_cap_up + 2*mega_cap_up) / up_count × 100，大市值涨停加权占比,当日最高板股票中，first_time 最早者的首次封板时间,当日最高板代表股 open_times>0 记为1，否则记为0,当日首板股按 first_time 排序后，第3只首板出现时间，作为批量启动时点,当日炸板股中，13:00后出现 first_time 的炸板家数（v1 近似为午后高位风险代理）,当日最高板代表股 last_time≥14:30 记为1，作为尾盘高位波动风险代理（v1）,"v2: 0.20*h + 0.25*p + 0.20*z + 0.10*u + 0.25*s (120日分位数排名) × 交互修正(高度×质量, 赚亏对冲)",冰点(<20)|回暖(<35且上升)|加速(>60且上升)|分歧(>50且下降)|退潮(<40从>45连降)|震荡(其他)
20251223,54,9,21,8,17,37,25,0,0,,7,1,21.25,12.5,45.45,100.0,58.0,28.0,6.0,0.0,92500,0,093300,3,0,92.5,43.75,65.0,31.25,50.0,58.06,分歧,昨日连板股(limit_times≥2)中，今日未继续涨停的数量,昨日高位连板股(limit_times≥3)中，今日未继续涨停的数量,今日涨停∩昨日涨停 / 昨日涨停总数 × 100,昨日首板∩今日连板(limit_times≥2) / 昨日首板数 × 100,昨日2板∩今日3板及以上 / 昨日2板总数 × 100,昨日3板∩今日4板及以上 / 昨日3板总数 × 100,今日最终涨停且盘中开板(open_times>0) / (今日最终涨停且盘中开板 + 炸板未封家数) × 100,zha_count / (up_count + zha_count) × 100,"min(up_count / max(down_count, 1), 20)，clip防极端值",(big_cap_up + 2*mega_cap_up) / up_count × 100，大市值涨停加权占比,当日最高板股票中，first_time 最早者的首次封板时间,当日最高板代表股 open_times>0 记为1，否则记为0,当日首板股按 first_time 排序后，第3只首板出现时间，作为批量启动时点,当日炸板股中，13:00后出现 first_time 的炸板家数（v1 近似为午后高位风险代理）,当日最高板代表股 last_time≥14:30 记为1，作为尾盘高位波动风险代理（v1）,"v2: 0.20*h + 0.25*p + 0.20*z + 0.10*u + 0.25*s (120日分位数排名) × 交互修正(高度×质量, 赚亏对冲)",冰点(<20)|回暖(<35且上升)|加速(>60且上升)|分歧(>50且下降)|退潮(<40从>45连降)|震荡(其他)
20251224,76,4,21,9,14,62,38,0,0,,8,5,25.93,13.51,62.5,20.0,64.41,21.65,19.0,0.0,92500,0,093000,7,0,97.56,69.51,96.34,63.41,50.0,75.0,加速,昨日连板股(limit_times≥2)中，今日未继续涨停的数量,昨日高位连板股(limit_times≥3)中，今日未继续涨停的数量,今日涨停∩昨日涨停 / 昨日涨停总数 × 100,昨日首板∩今日连板(limit_times≥2) / 昨日首板数 × 100,昨日2板∩今日3板及以上 / 昨日2板总数 × 100,昨日3板∩今日4板及以上 / 昨日3板总数 × 100,今日最终涨停且盘中开板(open_times>0) / (今日最终涨停且盘中开板 + 炸板未封家数) × 100,zha_count / (up_count + zha_count) × 100,"min(up_count / max(down_count, 1), 20)，clip防极端值",(big_cap_up + 2*mega_cap_up) / up_count × 100，大市值涨停加权占比,当日最高板股票中，first_time 最早者的首次封板时间,当日最高板代表股 open_times>0 记为1，否则记为0,当日首板股按 first_time 排序后，第3只首板出现时间，作为批量启动时点,当日炸板股中，13:00后出现 first_time 的炸板家数（v1 近似为午后高位风险代理）,当日最高板代表股 last_time≥14:30 记为1，作为尾盘高位波动风险代理（v1）,"v2: 0.20*h + 0.25*p + 0.20*z + 0.10*u + 0.25*s (120日分位数排名) × 交互修正(高度×质量, 赚亏对冲)",冰点(<20)|回暖(<35且上升)|加速(>60且上升)|分歧(>50且下降)|退潮(<40从>45连降)|震荡(其他)
20251225,79,0,24,10,22,57,43,0,0,,5,2,28.95,20.97,40.0,80.0,60.0,23.3,20,0.0,92500,0,092500,7,0,98.81,76.19,86.9,83.33,50.0,77.02,加速,昨日连板股(limit_times≥2)中，今日未继续涨停的数量,昨日高位连板股(limit_times≥3)中，今日未继续涨停的数量,今日涨停∩昨日涨停 / 昨日涨停总数 × 100,昨日首板∩今日连板(limit_times≥2) / 昨日首板数 × 100,昨日2板∩今日3板及以上 / 昨日2板总数 × 100,昨日3板∩今日4板及以上 / 昨日3板总数 × 100,今日最终涨停且盘中开板(open_times>0) / (今日最终涨停且盘中开板 + 炸板未封家数) × 100,zha_count / (up_count + zha_count) × 100,"min(up_count / max(down_count, 1), 20)，clip防极端值",(big_cap_up + 2*mega_cap_up) / up_count × 100，大市值涨停加权占比,当日最高板股票中，first_time 最早者的首次封板时间,当日最高板代表股 open_times>0 记为1，否则记为0,当日首板股按 first_time 排序后，第3只首板出现时间，作为批量启动时点,当日炸板股中，13:00后出现 first_time 的炸板家数（v1 近似为午后高位风险代理）,当日最高板代表股 last_time≥14:30 记为1，作为尾盘高位波动风险代理（v1）,"v2: 0.20*h + 0.25*p + 0.20*z + 0.10*u + 0.25*s (120日分位数排名) × 交互修正(高度×质量, 赚亏对冲)",冰点(<20)|回暖(<35且上升)|加速(>60且上升)|分歧(>50且下降)|退潮(<40从>45连降)|震荡(其他)
20251226,82,1,20,11,22,60,35,0,0,,8,4,27.85,14.04,69.23,50.0,70.15,19.61,20,0.0,92500,1,093000,2,0,98.84,70.93,96.51,82.56,50.0,77.56,加速,昨日连板股(limit_times≥2)中，今日未继续涨停的数量,昨日高位连板股(limit_times≥3)中，今日未继续涨停的数量,今日涨停∩昨日涨停 / 昨日涨停总数 × 100,昨日首板∩今日连板(limit_times≥2) / 昨日首板数 × 100,昨日2板∩今日3板及以上 / 昨日2板总数 × 100,昨日3板∩今日4板及以上 / 昨日3板总数 × 100,今日最终涨停且盘中开板(open_times>0) / (今日最终涨停且盘中开板 + 炸板未封家数) × 100,zha_count / (up_count + zha_count) × 100,"min(up_count / max(down_count, 1), 20)，clip防极端值",(big_cap_up + 2*mega_cap_up) / up_count × 100，大市值涨停加权占比,当日最高板股票中，first_time 最早者的首次封板时间,当日最高板代表股 open_times>0 记为1，否则记为0,当日首板股按 first_time 排序后，第3只首板出现时间，作为批量启动时点,当日炸板股中，13:00后出现 first_time 的炸板家数（v1 近似为午后高位风险代理）,当日最高板代表股 last_time≥14:30 记为1，作为尾盘高位波动风险代理（v1）,"v2: 0.20*h + 0.25*p + 0.20*z + 0.10*u + 0.25*s (120日分位数排名) × 交互修正(高度×质量, 赚亏对冲)",冰点(<20)|回暖(<35且上升)|加速(>60且上升)|分歧(>50且下降)|退潮(<40从>45连降)|震荡(其他)
20251229,72,16,26,12,18,54,34,0,0,,12,8,21.95,13.33,50.0,33.33,59.38,26.53,4.5,0.0,100309,1,093000,4,0,98.86,43.18,67.05,19.32,50.0,58.41,分歧,昨日连板股(limit_times≥2)中，今日未继续涨停的数量,昨日高位连板股(limit_times≥3)中，今日未继续涨停的数量,今日涨停∩昨日涨停 / 昨日涨停总数 × 100,昨日首板∩今日连板(limit_times≥2) / 昨日首板数 × 100,昨日2板∩今日3板及以上 / 昨日2板总数 × 100,昨日3板∩今日4板及以上 / 昨日3板总数 × 100,今日最终涨停且盘中开板(open_times>0) / (今日最终涨停且盘中开板 + 炸板未封家数) × 100,zha_count / (up_count + zha_count) × 100,"min(up_count / max(down_count, 1), 20)，clip防极端值",(big_cap_up + 2*mega_cap_up) / up_count × 100，大市值涨停加权占比,当日最高板股票中，first_time 最早者的首次封板时间,当日最高板代表股 open_times>0 记为1，否则记为0,当日首板股按 first_time 排序后，第3只首板出现时间，作为批量启动时点,当日炸板股中，13:00后出现 first_time 的炸板家数（v1 近似为午后高位风险代理）,当日最高板代表股 last_time≥14:30 记为1，作为尾盘高位波动风险代理（v1）,"v2: 0.20*h + 0.25*p + 0.20*z + 0.10*u + 0.25*s (120日分位数排名) × 交互修正(高度×质量, 赚亏对冲)",冰点(<20)|回暖(<35且上升)|加速(>60且上升)|分歧(>50且下降)|退潮(<40从>45连降)|震荡(其他)
20251230,54,13,26,10,18,36,26,0,0,,12,5,25.0,22.22,12.5,75.0,51.85,32.5,4.15,0.0,92500,0,093300,8,0,93.33,61.11,36.67,18.89,50.0,55.67,分歧,昨日连板股(limit_times≥2)中，今日未继续涨停的数量,昨日高位连板股(limit_times≥3)中，今日未继续涨停的数量,今日涨停∩昨日涨停 / 昨日涨停总数 × 100,昨日首板∩今日连板(limit_times≥2) / 昨日首板数 × 100,昨日2板∩今日3板及以上 / 昨日2板总数 × 100,昨日3板∩今日4板及以上 / 昨日3板总数 × 100,今日最终涨停且盘中开板(open_times>0) / (今日最终涨停且盘中开板 + 炸板未封家数) × 100,zha_count / (up_count + zha_count) × 100,"min(up_count / max(down_count, 1), 20)，clip防极端值",(big_cap_up + 2*mega_cap_up) / up_count × 100，大市值涨停加权占比,当日最高板股票中，first_time 最早者的首次封板时间,当日最高板代表股 open_times>0 记为1，否则记为0,当日首板股按 first_time 排序后，第3只首板出现时间，作为批量启动时点,当日炸板股中，13:00后出现 first_time 的炸板家数（v1 近似为午后高位风险代理）,当日最高板代表股 last_time≥14:30 记为1，作为尾盘高位波动风险代理（v1）,"v2: 0.20*h + 0.25*p + 0.20*z + 0.10*u + 0.25*s (120日分位数排名) × 交互修正(高度×质量, 赚亏对冲)",冰点(<20)|回暖(<35且上升)|加速(>60且上升)|分歧(>50且下降)|退潮(<40从>45连降)|震荡(其他)
20251231,57,6,19,6,12,45,36,0,0,,11,3,22.22,13.89,33.33,0.0,52.5,25.0,9.5,0.0,144117,0,093000,6,1,45.65,45.65,72.83,46.74,50.0,52.28,分歧,昨日连板股(limit_times≥2)中，今日未继续涨停的数量,昨日高位连板股(limit_times≥3)中，今日未继续涨停的数量,今日涨停∩昨日涨停 / 昨日涨停总数 × 100,昨日首板∩今日连板(limit_times≥2) / 昨日首板数 × 100,昨日2板∩今日3板及以上 / 昨日2板总数 × 100,昨日3板∩今日4板及以上 / 昨日3板总数 × 100,今日最终涨停且盘中开板(open_times>0) / (今日最终涨停且盘中开板 + 炸板未封家数) × 100,zha_count / (up_count + zha_count) × 100,"min(up_count / max(down_count, 1), 20)，clip防极端值",(big_cap_up + 2*mega_cap_up) / up_count × 100，大市值涨停加权占比,当日最高板股票中，first_time 最早者的首次封板时间,当日最高板代表股 open_times>0 记为1，否则记为0,当日首板股按 first_time 排序后，第3只首板出现时间，作为批量启动时点,当日炸板股中，13:00后出现 first_time 的炸板家数（v1 近似为午后高位风险代理）,当日最高板代表股 last_time≥14:30 记为1，作为尾盘高位波动风险代理（v1）,"v2: 0.20*h + 0.25*p + 0.20*z + 0.10*u + 0.25*s (120日分位数排名) × 交互修正(高度×质量, 赚亏对冲)",冰点(<20)|回暖(<35且上升)|加速(>60且上升)|分歧(>50且下降)|退潮(<40从>45连降)|震荡(其他)
20260105,108,8,26,6,14,94,54,0,0,,9,5,24.56,24.44,20.0,25.0,67.5,19.4,13.5,0.0,92500,0,092500,5,0,45.74,56.38,96.81,58.51,50.0,60.96,加速,昨日连板股(limit_times≥2)中，今日未继续涨停的数量,昨日高位连板股(limit_times≥3)中，今日未继续涨停的数量,今日涨停∩昨日涨停 / 昨日涨停总数 × 100,昨日首板∩今日连板(limit_times≥2) / 昨日首板数 × 100,昨日2板∩今日3板及以上 / 昨日2板总数 × 100,昨日3板∩今日4板及以上 / 昨日3板总数 × 100,今日最终涨停且盘中开板(open_times>0) / (今日最终涨停且盘中开板 + 炸板未封家数) × 100,zha_count / (up_count + zha_count) × 100,"min(up_count / max(down_count, 1), 20)，clip防极端值",(big_cap_up + 2*mega_cap_up) / up_count × 100，大市值涨停加权占比,当日最高板股票中，first_time 最早者的首次封板时间,当日最高板代表股 open_times>0 记为1，否则记为0,当日首板股按 first_time 排序后，第3只首板出现时间，作为批量启动时点,当日炸板股中，13:00后出现 first_time 的炸板家数（v1 近似为午后高位风险代理）,当日最高板代表股 last_time≥14:30 记为1，作为尾盘高位波动风险代理（v1）,"v2: 0.20*h + 0.25*p + 0.20*z + 0.10*u + 0.25*s (120日分位数排名) × 交互修正(高度×质量, 赚亏对冲)",冰点(<20)|回暖(<35且上升)|加速(>60且上升)|分歧(>50且下降)|退潮(<40从>45连降)|震荡(其他)
20260106,120,1,25,7,42,78,64,0,0,,5,0,38.89,35.11,54.55,100.0,69.14,17.24,20,0.0,92500,0,093000,12,0,69.79,96.88,96.88,83.33,50.0,78.39,加速,昨日连板股(limit_times≥2)中，今日未继续涨停的数量,昨日高位连板股(limit_times≥3)中，今日未继续涨停的数量,今日涨停∩昨日涨停 / 昨日涨停总数 × 100,昨日首板∩今日连板(limit_times≥2) / 昨日首板数 × 100,昨日2板∩今日3板及以上 / 昨日2板总数 × 100,昨日3板∩今日4板及以上 / 昨日3板总数 × 100,今日最终涨停且盘中开板(open_times>0) / (今日最终涨停且盘中开板 + 炸板未封家数) × 100,zha_count / (up_count + zha_count) × 100,"min(up_count / max(down_count, 1), 20)，clip防极端值",(big_cap_up + 2*mega_cap_up) / up_count × 100，大市值涨停加权占比,当日最高板股票中，first_time 最早者的首次封板时间,当日最高板代表股 open_times>0 记为1，否则记为0,当日首板股按 first_time 排序后，第3只首板出现时间，作为批量启动时点,当日炸板股中，13:00后出现 first_time 的炸板家数（v1 近似为午后高位风险代理）,当日最高板代表股 last_time≥14:30 记为1，作为尾盘高位波动风险代理（v1）,"v2: 0.20*h + 0.25*p + 0.20*z + 0.10*u + 0.25*s (120日分位数排名) × 交互修正(高度×质量, 赚亏对冲)",冰点(<20)|回暖(<35且上升)|加速(>60且上升)|分歧(>50且下降)|退潮(<40从>45连降)|震荡(其他)
20260107,80,3,44,8,23,57,40,0,0,,27,5,19.17,10.26,33.33,33.33,47.62,35.48,20,0.0,92500,0,093000,12,0,82.65,19.39,19.39,82.65,50.0,46.02,退潮,昨日连板股(limit_times≥2)中，今日未继续涨停的数量,昨日高位连板股(limit_times≥3)中，今日未继续涨停的数量,今日涨停∩昨日涨停 / 昨日涨停总数 × 100,昨日首板∩今日连板(limit_times≥2) / 昨日首板数 × 100,昨日2板∩今日3板及以上 / 昨日2板总数 × 100,昨日3板∩今日4板及以上 / 昨日3板总数 × 100,今日最终涨停且盘中开板(open_times>0) / (今日最终涨停且盘中开板 + 炸板未封家数) × 100,zha_count / (up_count + zha_count) × 100,"min(up_count / max(down_count, 1), 20)，clip防极端值",(big_cap_up + 2*mega_cap_up) / up_count × 100，大市值涨停加权占比,当日最高板股票中，first_time 最早者的首次封板时间,当日最高板代表股 open_times>0 记为1，否则记为0,当日首板股按 first_time 排序后，第3只首板出现时间，作为批量启动时点,当日炸板股中，13:00后出现 first_time 的炸板家数（v1 近似为午后高位风险代理）,当日最高板代表股 last_time≥14:30 记为1，作为尾盘高位波动风险代理（v1）,"v2: 0.20*h + 0.25*p + 0.20*z + 0.10*u + 0.25*s (120日分位数排名) × 交互修正(高度×质量, 赚亏对冲)",冰点(<20)|回暖(<35且上升)|加速(>60且上升)|分歧(>50且下降)|退潮(<40从>45连降)|震荡(其他)
20260108,92,3,29,9,26,66,50,0,0,,9,6,32.5,21.05,62.5,72.73,59.15,23.97,20,0.0,92500,0,092500,10,0,89.0,83.0,77.0,82.0,50.0,74.65,加速,昨日连板股(limit_times≥2)中，今日未继续涨停的数量,昨日高位连板股(limit_times≥3)中，今日未继续涨停的数量,今日涨停∩昨日涨停 / 昨日涨停总数 × 100,昨日首板∩今日连板(limit_times≥2) / 昨日首板数 × 100,昨日2板∩今日3板及以上 / 昨日2板总数 × 100,昨日3板∩今日4板及以上 / 昨日3板总数 × 100,今日最终涨停且盘中开板(open_times>0) / (今日最终涨停且盘中开板 + 炸板未封家数) × 100,zha_count / (up_count + zha_count) × 100,"min(up_count / max(down_count, 1), 20)，clip防极端值",(big_cap_up + 2*mega_cap_up) / up_count × 100，大市值涨停加权占比,当日最高板股票中，first_time 最早者的首次封板时间,当日最高板代表股 open_times>0 记为1，否则记为0,当日首板股按 first_time 排序后，第3只首板出现时间，作为批量启动时点,当日炸板股中，13:00后出现 first_time 的炸板家数（v1 近似为午后高位风险代理）,当日最高板代表股 last_time≥14:30 记为1，作为尾盘高位波动风险代理（v1）,"v2: 0.20*h + 0.25*p + 0.20*z + 0.10*u + 0.25*s (120日分位数排名) × 交互修正(高度×质量, 赚亏对冲)",冰点(<20)|回暖(<35且上升)|加速(>60且上升)|分歧(>50且下降)|退潮(<40从>45连降)|震荡(其他)
20260109,94,1,46,10,19,75,44,0,0,,16,7,20.65,13.64,25.0,60.0,52.08,32.86,20,0.0,92500,0,093100,11,0,93.14,30.39,32.35,81.37,50.0,53.33,分歧,昨日连板股(limit_times≥2)中，今日未继续涨停的数量,昨日高位连板股(limit_times≥3)中，今日未继续涨停的数量,今日涨停∩昨日涨停 / 昨日涨停总数 × 100,昨日首板∩今日连板(limit_times≥2) / 昨日首板数 × 100,昨日2板∩今日3板及以上 / 昨日2板总数 × 100,昨日3板∩今日4板及以上 / 昨日3板总数 × 100,今日最终涨停且盘中开板(open_times>0) / (今日最终涨停且盘中开板 + 炸板未封家数) × 100,zha_count / (up_count + zha_count) × 100,"min(up_count / max(down_count, 1), 20)，clip防极端值",(big_cap_up + 2*mega_cap_up) / up_count × 100，大市值涨停加权占比,当日最高板股票中，first_time 最早者的首次封板时间,当日最高板代表股 open_times>0 记为1，否则记为0,当日首板股按 first_time 排序后，第3只首板出现时间，作为批量启动时点,当日炸板股中，13:00后出现 first_time 的炸板家数（v1 近似为午后高位风险代理）,当日最高板代表股 last_time≥14:30 记为1，作为尾盘高位波动风险代理（v1）,"v2: 0.20*h + 0.25*p + 0.20*z + 0.10*u + 0.25*s (120日分位数排名) × 交互修正(高度×质量, 赚亏对冲)",冰点(<20)|回暖(<35且上升)|加速(>60且上升)|分歧(>50且下降)|退潮(<40从>45连降)|震荡(其他)
20260112,183,3,48,11,43,140,71,0,0,,5,2,45.74,38.67,66.67,100.0,70.0,20.78,20,0.0,92500,0,092500,26,0,96.15,97.12,91.35,80.77,50.0,82.36,加速,昨日连板股(limit_times≥2)中，今日未继续涨停的数量,昨日高位连板股(limit_times≥3)中，今日未继续涨停的数量,今日涨停∩昨日涨停 / 昨日涨停总数 × 100,昨日首板∩今日连板(limit_times≥2) / 昨日首板数 × 100,昨日2板∩今日3板及以上 / 昨日2板总数 × 100,昨日3板∩今日4板及以上 / 昨日3板总数 × 100,今日最终涨停且盘中开板(open_times>0) / (今日最终涨停且盘中开板 + 炸板未封家数) × 100,zha_count / (up_count + zha_count) × 100,"min(up_count / max(down_count, 1), 20)，clip防极端值",(big_cap_up + 2*mega_cap_up) / up_count × 100，大市值涨停加权占比,当日最高板股票中，first_time 最早者的首次封板时间,当日最高板代表股 open_times>0 记为1，否则记为0,当日首板股按 first_time 排序后，第3只首板出现时间，作为批量启动时点,当日炸板股中，13:00后出现 first_time 的炸板家数（v1 近似为午后高位风险代理）,当日最高板代表股 last_time≥14:30 记为1，作为尾盘高位波动风险代理（v1）,"v2: 0.20*h + 0.25*p + 0.20*z + 0.10*u + 0.25*s (120日分位数排名) × 交互修正(高度×质量, 赚亏对冲)",冰点(<20)|回暖(<35且上升)|加速(>60且上升)|分歧(>50且下降)|退潮(<40从>45连降)|震荡(其他)
20260113,66,49,62,12,29,37,32,0,0,,30,9,15.85,11.43,27.59,50.0,35.42,48.44,1.35,0.0,92500,0,093000,14,0,98.11,6.6,2.83,2.83,50.0,34.62,退潮,昨日连板股(limit_times≥2)中，今日未继续涨停的数量,昨日高位连板股(limit_times≥3)中，今日未继续涨停的数量,今日涨停∩昨日涨停 / 昨日涨停总数 × 100,昨日首板∩今日连板(limit_times≥2) / 昨日首板数 × 100,昨日2板∩今日3板及以上 / 昨日2板总数 × 100,昨日3板∩今日4板及以上 / 昨日3板总数 × 100,今日最终涨停且盘中开板(open_times>0) / (今日最终涨停且盘中开板 + 炸板未封家数) × 100,zha_count / (up_count + zha_count) × 100,"min(up_count / max(down_count, 1), 20)，clip防极端值",(big_cap_up + 2*mega_cap_up) / up_count × 100，大市值涨停加权占比,当日最高板股票中，first_time 最早者的首次封板时间,当日最高板代表股 open_times>0 记为1，否则记为0,当日首板股按 first_time 排序后，第3只首板出现时间，作为批量启动时点,当日炸板股中，13:00后出现 first_time 的炸板家数（v1 近似为午后高位风险代理）,当日最高板代表股 last_time≥14:30 记为1，作为尾盘高位波动风险代理（v1）,"v2: 0.20*h + 0.25*p + 0.20*z + 0.10*u + 0.25*s (120日分位数排名) × 交互修正(高度×质量, 赚亏对冲)",冰点(<20)|回暖(<35且上升)|加速(>60且上升)|分歧(>50且下降)|退潮(<40从>45连降)|震荡(其他)
20260114,102,14,59,5,19,83,35,0,0,,15,8,28.79,13.51,56.25,50.0,53.17,36.65,7.29,0.0,93233,1,092500,9,0,17.59,73.15,15.74,37.96,50.0,37.12,震荡,昨日连板股(limit_times≥2)中，今日未继续涨停的数量,昨日高位连板股(limit_times≥3)中，今日未继续涨停的数量,今日涨停∩昨日涨停 / 昨日涨停总数 × 100,昨日首板∩今日连板(limit_times≥2) / 昨日首板数 × 100,昨日2板∩今日3板及以上 / 昨日2板总数 × 100,昨日3板∩今日4板及以上 / 昨日3板总数 × 100,今日最终涨停且盘中开板(open_times>0) / (今日最终涨停且盘中开板 + 炸板未封家数) × 100,zha_count / (up_count + zha_count) × 100,"min(up_count / max(down_count, 1), 20)，clip防极端值",(big_cap_up + 2*mega_cap_up) / up_count × 100，大市值涨停加权占比,当日最高板股票中，first_time 最早者的首次封板时间,当日最高板代表股 open_times>0 记为1，否则记为0,当日首板股按 first_time 排序后，第3只首板出现时间，作为批量启动时点,当日炸板股中，13:00后出现 first_time 的炸板家数（v1 近似为午后高位风险代理）,当日最高板代表股 last_time≥14:30 记为1，作为尾盘高位波动风险代理（v1）,"v2: 0.20*h + 0.25*p + 0.20*z + 0.10*u + 0.25*s (120日分位数排名) × 交互修正(高度×质量, 赚亏对冲)",冰点(<20)|回暖(<35且上升)|加速(>60且上升)|分歧(>50且下降)|退潮(<40从>45连降)|震荡(其他)
20260115,55,63,18,4,14,41,32,0,0,,15,12,13.73,12.05,40.0,22.22,56.1,24.66,0.87,0.0,93124,1,092500,2,1,5.45,2.73,71.82,2.73,50.0,28.91,退潮,昨日连板股(limit_times≥2)中，今日未继续涨停的数量,昨日高位连板股(limit_times≥3)中，今日未继续涨停的数量,今日涨停∩昨日涨停 / 昨日涨停总数 × 100,昨日首板∩今日连板(limit_times≥2) / 昨日首板数 × 100,昨日2板∩今日3板及以上 / 昨日2板总数 × 100,昨日3板∩今日4板及以上 / 昨日3板总数 × 100,今日最终涨停且盘中开板(open_times>0) / (今日最终涨停且盘中开板 + 炸板未封家数) × 100,zha_count / (up_count + zha_count) × 100,"min(up_count / max(down_count, 1), 20)，clip防极端值",(big_cap_up + 2*mega_cap_up) / up_count × 100，大市值涨停加权占比,当日最高板股票中，first_time 最早者的首次封板时间,当日最高板代表股 open_times>0 记为1，否则记为0,当日首板股按 first_time 排序后，第3只首板出现时间，作为批量启动时点,当日炸板股中，13:00后出现 first_time 的炸板家数（v1 近似为午后高位风险代理）,当日最高板代表股 last_time≥14:30 记为1，作为尾盘高位波动风险代理（v1）,"v2: 0.20*h + 0.25*p + 0.20*z + 0.10*u + 0.25*s (120日分位数排名) × 交互修正(高度×质量, 赚亏对冲)",冰点(<20)|回暖(<35且上升)|加速(>60且上升)|分歧(>50且下降)|退潮(<40从>45连降)|震荡(其他)
20260116,58,46,39,5,6,52,36,0,0,,11,3,10.91,7.32,20.0,0.0,36.07,40.21,1.26,0.0,93021,0,093000,12,0,19.64,2.68,9.82,4.46,50.0,19.51,冰点,昨日连板股(limit_times≥2)中，今日未继续涨停的数量,昨日高位连板股(limit_times≥3)中，今日未继续涨停的数量,今日涨停∩昨日涨停 / 昨日涨停总数 × 100,昨日首板∩今日连板(limit_times≥2) / 昨日首板数 × 100,昨日2板∩今日3板及以上 / 昨日2板总数 × 100,昨日3板∩今日4板及以上 / 昨日3板总数 × 100,今日最终涨停且盘中开板(open_times>0) / (今日最终涨停且盘中开板 + 炸板未封家数) × 100,zha_count / (up_count + zha_count) × 100,"min(up_count / max(down_count, 1), 20)，clip防极端值",(big_cap_up + 2*mega_cap_up) / up_count × 100，大市值涨停加权占比,当日最高板股票中，first_time 最早者的首次封板时间,当日最高板代表股 open_times>0 记为1，否则记为0,当日首板股按 first_time 排序后，第3只首板出现时间，作为批量启动时点,当日炸板股中，13:00后出现 first_time 的炸板家数（v1 近似为午后高位风险代理）,当日最高板代表股 last_time≥14:30 记为1，作为尾盘高位波动风险代理（v1）,"v2: 0.20*h + 0.25*p + 0.20*z + 0.10*u + 0.25*s (120日分位数排名) × 交互修正(高度×质量, 赚亏对冲)",冰点(<20)|回暖(<35且上升)|加速(>60且上升)|分歧(>50且下降)|退潮(<40从>45连降)|震荡(其他)
20260119,88,23,20,4,10,78,46,0,0,,5,2,17.24,17.31,0.0,50.0,67.74,18.52,3.83,0.0,93107,1,093000,7,0,6.14,16.67,95.61,20.18,50.0,39.04,回暖,昨日连板股(limit_times≥2)中，今日未继续涨停的数量,昨日高位连板股(limit_times≥3)中，今日未继续涨停的数量,今日涨停∩昨日涨停 / 昨日涨停总数 × 100,昨日首板∩今日连板(limit_times≥2) / 昨日首板数 × 100,昨日2板∩今日3板及以上 / 昨日2板总数 × 100,昨日3板∩今日4板及以上 / 昨日3板总数 × 100,今日最终涨停且盘中开板(open_times>0) / (今日最终涨停且盘中开板 + 炸板未封家数) × 100,zha_count / (up_count + zha_count) × 100,"min(up_count / max(down_count, 1), 20)，clip防极端值",(big_cap_up + 2*mega_cap_up) / up_count × 100，大市值涨停加权占比,当日最高板股票中，first_time 最早者的首次封板时间,当日最高板代表股 open_times>0 记为1，否则记为0,当日首板股按 first_time 排序后，第3只首板出现时间，作为批量启动时点,当日炸板股中，13:00后出现 first_time 的炸板家数（v1 近似为午后高位风险代理）,当日最高板代表股 last_time≥14:30 记为1，作为尾盘高位波动风险代理（v1）,"v2: 0.20*h + 0.25*p + 0.20*z + 0.10*u + 0.25*s (120日分位数排名) × 交互修正(高度×质量, 赚亏对冲)",冰点(<20)|回暖(<35且上升)|加速(>60且上升)|分歧(>50且下降)|退潮(<40从>45连降)|震荡(其他)
20260120,54,16,15,3,12,42,38,0,0,,7,1,13.64,11.54,33.33,0,51.61,21.74,3.38,0.0,92500,0,092500,6,0,1.72,4.31,87.07,19.83,50.0,33.32,退潮,昨日连板股(limit_times≥2)中，今日未继续涨停的数量,昨日高位连板股(limit_times≥3)中，今日未继续涨停的数量,今日涨停∩昨日涨停 / 昨日涨停总数 × 100,昨日首板∩今日连板(limit_times≥2) / 昨日首板数 × 100,昨日2板∩今日3板及以上 / 昨日2板总数 × 100,昨日3板∩今日4板及以上 / 昨日3板总数 × 100,今日最终涨停且盘中开板(open_times>0) / (今日最终涨停且盘中开板 + 炸板未封家数) × 100,zha_count / (up_count + zha_count) × 100,"min(up_count / max(down_count, 1), 20)，clip防极端值",(big_cap_up + 2*mega_cap_up) / up_count × 100，大市值涨停加权占比,当日最高板股票中，first_time 最早者的首次封板时间,当日最高板代表股 open_times>0 记为1，否则记为0,当日首板股按 first_time 排序后，第3只首板出现时间，作为批量启动时点,当日炸板股中，13:00后出现 first_time 的炸板家数（v1 近似为午后高位风险代理）,当日最高板代表股 last_time≥14:30 记为1，作为尾盘高位波动风险代理（v1）,"v2: 0.20*h + 0.25*p + 0.20*z + 0.10*u + 0.25*s (120日分位数排名) × 交互修正(高度×质量, 赚亏对冲)",冰点(<20)|回暖(<35且上升)|加速(>60且上升)|分歧(>50且下降)|退潮(<40从>45连降)|震荡(其他)
20260121,79,4,25,4,8,71,50,0,0,,10,2,14.81,14.29,11.11,33.33,53.7,24.04,19.75,0.0,93217,1,092500,6,1,8.47,9.32,73.73,65.25,50.0,37.8,回暖,昨日连板股(limit_times≥2)中，今日未继续涨停的数量,昨日高位连板股(limit_times≥3)中，今日未继续涨停的数量,今日涨停∩昨日涨停 / 昨日涨停总数 × 100,昨日首板∩今日连板(limit_times≥2) / 昨日首板数 × 100,昨日2板∩今日3板及以上 / 昨日2板总数 × 100,昨日3板∩今日4板及以上 / 昨日3板总数 × 100,今日最终涨停且盘中开板(open_times>0) / (今日最终涨停且盘中开板 + 炸板未封家数) × 100,zha_count / (up_count + zha_count) × 100,"min(up_count / max(down_count, 1), 20)，clip防极端值",(big_cap_up + 2*mega_cap_up) / up_count × 100，大市值涨停加权占比,当日最高板股票中，first_time 最早者的首次封板时间,当日最高板代表股 open_times>0 记为1，否则记为0,当日首板股按 first_time 排序后，第3只首板出现时间，作为批量启动时点,当日炸板股中，13:00后出现 first_time 的炸板家数（v1 近似为午后高位风险代理）,当日最高板代表股 last_time≥14:30 记为1，作为尾盘高位波动风险代理（v1）,"v2: 0.20*h + 0.25*p + 0.20*z + 0.10*u + 0.25*s (120日分位数排名) × 交互修正(高度×质量, 赚亏对冲)",冰点(<20)|回暖(<35且上升)|加速(>60且上升)|分歧(>50且下降)|退潮(<40从>45连降)|震荡(其他)
20260122,73,2,27,4,17,56,40,0,0,,4,1,21.52,18.31,50.0,100.0,55.0,27.0,20,0.0,92500,0,092500,5,0,9.17,44.17,59.17,82.5,50.0,45.46,回暖,昨日连板股(limit_times≥2)中，今日未继续涨停的数量,昨日高位连板股(limit_times≥3)中，今日未继续涨停的数量,今日涨停∩昨日涨停 / 昨日涨停总数 × 100,昨日首板∩今日连板(limit_times≥2) / 昨日首板数 × 100,昨日2板∩今日3板及以上 / 昨日2板总数 × 100,昨日3板∩今日4板及以上 / 昨日3板总数 × 100,今日最终涨停且盘中开板(open_times>0) / (今日最终涨停且盘中开板 + 炸板未封家数) × 100,zha_count / (up_count + zha_count) × 100,"min(up_count / max(down_count, 1), 20)，clip防极端值",(big_cap_up + 2*mega_cap_up) / up_count × 100，大市值涨停加权占比,当日最高板股票中，first_time 最早者的首次封板时间,当日最高板代表股 open_times>0 记为1，否则记为0,当日首板股按 first_time 排序后，第3只首板出现时间，作为批量启动时点,当日炸板股中，13:00后出现 first_time 的炸板家数（v1 近似为午后高位风险代理）,当日最高板代表股 last_time≥14:30 记为1，作为尾盘高位波动风险代理（v1）,"v2: 0.20*h + 0.25*p + 0.20*z + 0.10*u + 0.25*s (120日分位数排名) × 交互修正(高度×质量, 赚亏对冲)",冰点(<20)|回暖(<35且上升)|加速(>60且上升)|分歧(>50且下降)|退潮(<40从>45连降)|震荡(其他)
20260123,104,0,18,5,11,93,54,0,0,,13,1,15.07,12.5,7.69,66.67,73.53,14.75,20,0.0,92500,1,093100,8,0,25.41,10.66,97.54,81.97,50.0,47.95,震荡,昨日连板股(limit_times≥2)中，今日未继续涨停的数量,昨日高位连板股(limit_times≥3)中，今日未继续涨停的数量,今日涨停∩昨日涨停 / 昨日涨停总数 × 100,昨日首板∩今日连板(limit_times≥2) / 昨日首板数 × 100,昨日2板∩今日3板及以上 / 昨日2板总数 × 100,昨日3板∩今日4板及以上 / 昨日3板总数 × 100,今日最终涨停且盘中开板(open_times>0) / (今日最终涨停且盘中开板 + 炸板未封家数) × 100,zha_count / (up_count + zha_count) × 100,"min(up_count / max(down_count, 1), 20)，clip防极端值",(big_cap_up + 2*mega_cap_up) / up_count × 100，大市值涨停加权占比,当日最高板股票中，first_time 最早者的首次封板时间,当日最高板代表股 open_times>0 记为1，否则记为0,当日首板股按 first_time 排序后，第3只首板出现时间，作为批量启动时点,当日炸板股中，13:00后出现 first_time 的炸板家数（v1 近似为午后高位风险代理）,当日最高板代表股 last_time≥14:30 记为1，作为尾盘高位波动风险代理（v1）,"v2: 0.20*h + 0.25*p + 0.20*z + 0.10*u + 0.25*s (120日分位数排名) × 交互修正(高度×质量, 赚亏对冲)",冰点(<20)|回暖(<35且上升)|加速(>60且上升)|分歧(>50且下降)|退潮(<40从>45连降)|震荡(其他)
20260126,70,30,40,5,15,55,41,0,0,,10,3,14.42,15.05,0.0,0.0,42.03,36.36,2.33,0.0,100258,1,092500,11,0,25.81,7.26,18.55,10.48,50.0,24.23,退潮,昨日连板股(limit_times≥2)中，今日未继续涨停的数量,昨日高位连板股(limit_times≥3)中，今日未继续涨停的数量,今日涨停∩昨日涨停 / 昨日涨停总数 × 100,昨日首板∩今日连板(limit_times≥2) / 昨日首板数 × 100,昨日2板∩今日3板及以上 / 昨日2板总数 × 100,昨日3板∩今日4板及以上 / 昨日3板总数 × 100,今日最终涨停且盘中开板(open_times>0) / (今日最终涨停且盘中开板 + 炸板未封家数) × 100,zha_count / (up_count + zha_count) × 100,"min(up_count / max(down_count, 1), 20)，clip防极端值",(big_cap_up + 2*mega_cap_up) / up_count × 100，大市值涨停加权占比,当日最高板股票中，first_time 最早者的首次封板时间,当日最高板代表股 open_times>0 记为1，否则记为0,当日首板股按 first_time 排序后，第3只首板出现时间，作为批量启动时点,当日炸板股中，13:00后出现 first_time 的炸板家数（v1 近似为午后高位风险代理）,当日最高板代表股 last_time≥14:30 记为1，作为尾盘高位波动风险代理（v1）,"v2: 0.20*h + 0.25*p + 0.20*z + 0.10*u + 0.25*s (120日分位数排名) × 交互修正(高度×质量, 赚亏对冲)",冰点(<20)|回暖(<35且上升)|加速(>60且上升)|分歧(>50且下降)|退潮(<40从>45连降)|震荡(其他)
20260127,53,2,18,6,14,39,29,0,0,,10,0,20.0,16.36,28.57,0,57.14,25.35,20,0.0,104414,1,093300,4,0,49.21,34.13,62.7,81.75,50.0,51.59,回暖,昨日连板股(limit_times≥2)中，今日未继续涨停的数量,昨日高位连板股(limit_times≥3)中，今日未继续涨停的数量,今日涨停∩昨日涨停 / 昨日涨停总数 × 100,昨日首板∩今日连板(limit_times≥2) / 昨日首板数 × 100,昨日2板∩今日3板及以上 / 昨日2板总数 × 100,昨日3板∩今日4板及以上 / 昨日3板总数 × 100,今日最终涨停且盘中开板(open_times>0) / (今日最终涨停且盘中开板 + 炸板未封家数) × 100,zha_count / (up_count + zha_count) × 100,"min(up_count / max(down_count, 1), 20)，clip防极端值",(big_cap_up + 2*mega_cap_up) / up_count × 100，大市值涨停加权占比,当日最高板股票中，first_time 最早者的首次封板时间,当日最高板代表股 open_times>0 记为1，否则记为0,当日首板股按 first_time 排序后，第3只首板出现时间，作为批量启动时点,当日炸板股中，13:00后出现 first_time 的炸板家数（v1 近似为午后高位风险代理）,当日最高板代表股 last_time≥14:30 记为1，作为尾盘高位波动风险代理（v1）,"v2: 0.20*h + 0.25*p + 0.20*z + 0.10*u + 0.25*s (120日分位数排名) × 交互修正(高度×质量, 赚亏对冲)",冰点(<20)|回暖(<35且上升)|加速(>60且上升)|分歧(>50且下降)|退潮(<40从>45连降)|震荡(其他)
20260128,80,5,26,7,10,70,34,0,0,,6,1,18.87,5.13,44.44,75.0,63.89,24.53,16.0,0.0,100220,1,092500,4,0,68.75,25.78,69.53,57.03,50.0,52.3,震荡,昨日连板股(limit_times≥2)中，今日未继续涨停的数量,昨日高位连板股(limit_times≥3)中，今日未继续涨停的数量,今日涨停∩昨日涨停 / 昨日涨停总数 × 100,昨日首板∩今日连板(limit_times≥2) / 昨日首板数 × 100,昨日2板∩今日3板及以上 / 昨日2板总数 × 100,昨日3板∩今日4板及以上 / 昨日3板总数 × 100,今日最终涨停且盘中开板(open_times>0) / (今日最终涨停且盘中开板 + 炸板未封家数) × 100,zha_count / (up_count + zha_count) × 100,"min(up_count / max(down_count, 1), 20)，clip防极端值",(big_cap_up + 2*mega_cap_up) / up_count × 100，大市值涨停加权占比,当日最高板股票中，first_time 最早者的首次封板时间,当日最高板代表股 open_times>0 记为1，否则记为0,当日首板股按 first_time 排序后，第3只首板出现时间，作为批量启动时点,当日炸板股中，13:00后出现 first_time 的炸板家数（v1 近似为午后高位风险代理）,当日最高板代表股 last_time≥14:30 记为1，作为尾盘高位波动风险代理（v1）,"v2: 0.20*h + 0.25*p + 0.20*z + 0.10*u + 0.25*s (120日分位数排名) × 交互修正(高度×质量, 赚亏对冲)",冰点(<20)|回暖(<35且上升)|加速(>60且上升)|分歧(>50且下降)|退潮(<40从>45连降)|震荡(其他)
20260129,82,11,35,8,19,63,32,0,0,,5,3,23.75,20.0,0.0,50.0,58.82,29.91,7.45,0.0,93251,1,093000,6,0,80.0,60.77,39.23,40.77,50.0,55.62,回暖,昨日连板股(limit_times≥2)中，今日未继续涨停的数量,昨日高位连板股(limit_times≥3)中，今日未继续涨停的数量,今日涨停∩昨日涨停 / 昨日涨停总数 × 100,昨日首板∩今日连板(limit_times≥2) / 昨日首板数 × 100,昨日2板∩今日3板及以上 / 昨日2板总数 × 100,昨日3板∩今日4板及以上 / 昨日3板总数 × 100,今日最终涨停且盘中开板(open_times>0) / (今日最终涨停且盘中开板 + 炸板未封家数) × 100,zha_count / (up_count + zha_count) × 100,"min(up_count / max(down_count, 1), 20)，clip防极端值",(big_cap_up + 2*mega_cap_up) / up_count × 100，大市值涨停加权占比,当日最高板股票中，first_time 最早者的首次封板时间,当日最高板代表股 open_times>0 记为1，否则记为0,当日首板股按 first_time 排序后，第3只首板出现时间，作为批量启动时点,当日炸板股中，13:00后出现 first_time 的炸板家数（v1 近似为午后高位风险代理）,当日最高板代表股 last_time≥14:30 记为1，作为尾盘高位波动风险代理（v1）,"v2: 0.20*h + 0.25*p + 0.20*z + 0.10*u + 0.25*s (120日分位数排名) × 交互修正(高度×质量, 赚亏对冲)",冰点(<20)|回暖(<35且上升)|加速(>60且上升)|分歧(>50且下降)|退潮(<40从>45连降)|震荡(其他)
20260130,48,52,21,5,7,41,28,0,0,,17,4,8.54,7.94,7.14,0,48.78,30.43,0.92,0.0,92500,1,093900,7,1,25.0,2.27,37.12,3.79,50.0,25.87,退潮,昨日连板股(limit_times≥2)中，今日未继续涨停的数量,昨日高位连板股(limit_times≥3)中，今日未继续涨停的数量,今日涨停∩昨日涨停 / 昨日涨停总数 × 100,昨日首板∩今日连板(limit_times≥2) / 昨日首板数 × 100,昨日2板∩今日3板及以上 / 昨日2板总数 × 100,昨日3板∩今日4板及以上 / 昨日3板总数 × 100,今日最终涨停且盘中开板(open_times>0) / (今日最终涨停且盘中开板 + 炸板未封家数) × 100,zha_count / (up_count + zha_count) × 100,"min(up_count / max(down_count, 1), 20)，clip防极端值",(big_cap_up + 2*mega_cap_up) / up_count × 100，大市值涨停加权占比,当日最高板股票中，first_time 最早者的首次封板时间,当日最高板代表股 open_times>0 记为1，否则记为0,当日首板股按 first_time 排序后，第3只首板出现时间，作为批量启动时点,当日炸板股中，13:00后出现 first_time 的炸板家数（v1 近似为午后高位风险代理）,当日最高板代表股 last_time≥14:30 记为1，作为尾盘高位波动风险代理（v1）,"v2: 0.20*h + 0.25*p + 0.20*z + 0.10*u + 0.25*s (120日分位数排名) × 交互修正(高度×质量, 赚亏对冲)",冰点(<20)|回暖(<35且上升)|加速(>60且上升)|分歧(>50且下降)|退潮(<40从>45连降)|震荡(其他)
20260202,36,98,18,3,10,26,25,0,0,,4,2,20.83,17.07,60.0,0.0,37.93,33.33,0.37,0.0,92503,0,093000,1,0,2.24,43.28,27.61,0.75,50.0,29.36,回暖,昨日连板股(limit_times≥2)中，今日未继续涨停的数量,昨日高位连板股(limit_times≥3)中，今日未继续涨停的数量,今日涨停∩昨日涨停 / 昨日涨停总数 × 100,昨日首板∩今日连板(limit_times≥2) / 昨日首板数 × 100,昨日2板∩今日3板及以上 / 昨日2板总数 × 100,昨日3板∩今日4板及以上 / 昨日3板总数 × 100,今日最终涨停且盘中开板(open_times>0) / (今日最终涨停且盘中开板 + 炸板未封家数) × 100,zha_count / (up_count + zha_count) × 100,"min(up_count / max(down_count, 1), 20)，clip防极端值",(big_cap_up + 2*mega_cap_up) / up_count × 100，大市值涨停加权占比,当日最高板股票中，first_time 最早者的首次封板时间,当日最高板代表股 open_times>0 记为1，否则记为0,当日首板股按 first_time 排序后，第3只首板出现时间，作为批量启动时点,当日炸板股中，13:00后出现 first_time 的炸板家数（v1 近似为午后高位风险代理）,当日最高板代表股 last_time≥14:30 记为1，作为尾盘高位波动风险代理（v1）,"v2: 0.20*h + 0.25*p + 0.20*z + 0.10*u + 0.25*s (120日分位数排名) × 交互修正(高度×质量, 赚亏对冲)",冰点(<20)|回暖(<35且上升)|加速(>60且上升)|分歧(>50且下降)|退潮(<40从>45连降)|震荡(其他)
20260203,69,9,18,4,10,59,35,0,0,,5,0,27.78,19.23,28.57,100.0,65.38,20.69,7.67,0.0,92502,1,092500,8,0,10.29,74.26,90.44,44.85,50.0,55.7,回暖,昨日连板股(limit_times≥2)中，今日未继续涨停的数量,昨日高位连板股(limit_times≥3)中，今日未继续涨停的数量,今日涨停∩昨日涨停 / 昨日涨停总数 × 100,昨日首板∩今日连板(limit_times≥2) / 昨日首板数 × 100,昨日2板∩今日3板及以上 / 昨日2板总数 × 100,昨日3板∩今日4板及以上 / 昨日3板总数 × 100,今日最终涨停且盘中开板(open_times>0) / (今日最终涨停且盘中开板 + 炸板未封家数) × 100,zha_count / (up_count + zha_count) × 100,"min(up_count / max(down_count, 1), 20)，clip防极端值",(big_cap_up + 2*mega_cap_up) / up_count × 100，大市值涨停加权占比,当日最高板股票中，first_time 最早者的首次封板时间,当日最高板代表股 open_times>0 记为1，否则记为0,当日首板股按 first_time 排序后，第3只首板出现时间，作为批量启动时点,当日炸板股中，13:00后出现 first_time 的炸板家数（v1 近似为午后高位风险代理）,当日最高板代表股 last_time≥14:30 记为1，作为尾盘高位波动风险代理（v1）,"v2: 0.20*h + 0.25*p + 0.20*z + 0.10*u + 0.25*s (120日分位数排名) × 交互修正(高度×质量, 赚亏对冲)",冰点(<20)|回暖(<35且上升)|加速(>60且上升)|分歧(>50且下降)|退潮(<40从>45连降)|震荡(其他)
20260204,68,5,19,4,12,56,43,0,0,,6,3,17.39,13.56,40.0,100.0,56.82,21.84,13.6,0.0,93003,1,093000,4,0,10.87,22.46,84.78,57.25,50.0,42.97,退潮,昨日连板股(limit_times≥2)中，今日未继续涨停的数量,昨日高位连板股(limit_times≥3)中，今日未继续涨停的数量,今日涨停∩昨日涨停 / 昨日涨停总数 × 100,昨日首板∩今日连板(limit_times≥2) / 昨日首板数 × 100,昨日2板∩今日3板及以上 / 昨日2板总数 × 100,昨日3板∩今日4板及以上 / 昨日3板总数 × 100,今日最终涨停且盘中开板(open_times>0) / (今日最终涨停且盘中开板 + 炸板未封家数) × 100,zha_count / (up_count + zha_count) × 100,"min(up_count / max(down_count, 1), 20)，clip防极端值",(big_cap_up + 2*mega_cap_up) / up_count × 100，大市值涨停加权占比,当日最高板股票中，first_time 最早者的首次封板时间,当日最高板代表股 open_times>0 记为1，否则记为0,当日首板股按 first_time 排序后，第3只首板出现时间，作为批量启动时点,当日炸板股中，13:00后出现 first_time 的炸板家数（v1 近似为午后高位风险代理）,当日最高板代表股 last_time≥14:30 记为1，作为尾盘高位波动风险代理（v1）,"v2: 0.20*h + 0.25*p + 0.20*z + 0.10*u + 0.25*s (120日分位数排名) × 交互修正(高度×质量, 赚亏对冲)",冰点(<20)|回暖(<35且上升)|加速(>60且上升)|分歧(>50且下降)|退潮(<40从>45连降)|震荡(其他)
20260205,44,14,10,4,10,34,35,0,0,,10,3,14.71,14.29,12.5,50.0,47.37,18.52,3.14,0.0,100854,1,093000,2,0,11.43,10.0,94.29,20.71,50.0,38.22,退潮,昨日连板股(limit_times≥2)中，今日未继续涨停的数量,昨日高位连板股(limit_times≥3)中，今日未继续涨停的数量,今日涨停∩昨日涨停 / 昨日涨停总数 × 100,昨日首板∩今日连板(limit_times≥2) / 昨日首板数 × 100,昨日2板∩今日3板及以上 / 昨日2板总数 × 100,昨日3板∩今日4板及以上 / 昨日3板总数 × 100,今日最终涨停且盘中开板(open_times>0) / (今日最终涨停且盘中开板 + 炸板未封家数) × 100,zha_count / (up_count + zha_count) × 100,"min(up_count / max(down_count, 1), 20)，clip防极端值",(big_cap_up + 2*mega_cap_up) / up_count × 100，大市值涨停加权占比,当日最高板股票中，first_time 最早者的首次封板时间,当日最高板代表股 open_times>0 记为1，否则记为0,当日首板股按 first_time 排序后，第3只首板出现时间，作为批量启动时点,当日炸板股中，13:00后出现 first_time 的炸板家数（v1 近似为午后高位风险代理）,当日最高板代表股 last_time≥14:30 记为1，作为尾盘高位波动风险代理（v1）,"v2: 0.20*h + 0.25*p + 0.20*z + 0.10*u + 0.25*s (120日分位数排名) × 交互修正(高度×质量, 赚亏对冲)",冰点(<20)|回暖(<35且上升)|加速(>60且上升)|分歧(>50且下降)|退潮(<40从>45连降)|震荡(其他)
20260206,55,5,26,3,8,47,28,0,0,,6,2,18.18,11.76,50.0,0.0,50.94,32.1,11.0,0.0,92500,0,093300,7,0,2.82,26.76,34.51,50.0,50.0,31.66,退潮,昨日连板股(limit_times≥2)中，今日未继续涨停的数量,昨日高位连板股(limit_times≥3)中，今日未继续涨停的数量,今日涨停∩昨日涨停 / 昨日涨停总数 × 100,昨日首板∩今日连板(limit_times≥2) / 昨日首板数 × 100,昨日2板∩今日3板及以上 / 昨日2板总数 × 100,昨日3板∩今日4板及以上 / 昨日3板总数 × 100,今日最终涨停且盘中开板(open_times>0) / (今日最终涨停且盘中开板 + 炸板未封家数) × 100,zha_count / (up_count + zha_count) × 100,"min(up_count / max(down_count, 1), 20)，clip防极端值",(big_cap_up + 2*mega_cap_up) / up_count × 100，大市值涨停加权占比,当日最高板股票中，first_time 最早者的首次封板时间,当日最高板代表股 open_times>0 记为1，否则记为0,当日首板股按 first_time 排序后，第3只首板出现时间，作为批量启动时点,当日炸板股中，13:00后出现 first_time 的炸板家数（v1 近似为午后高位风险代理）,当日最高板代表股 last_time≥14:30 记为1，作为尾盘高位波动风险代理（v1）,"v2: 0.20*h + 0.25*p + 0.20*z + 0.10*u + 0.25*s (120日分位数排名) × 交互修正(高度×质量, 赚亏对冲)",冰点(<20)|回暖(<35且上升)|加速(>60且上升)|分歧(>50且下降)|退潮(<40从>45连降)|震荡(其他)
20260209,83,3,26,4,14,69,46,0,0,,4,1,25.45,21.28,25.0,75.0,58.73,23.85,20,0.0,92500,0,092500,2,0,13.19,70.14,75.69,83.33,50.0,56.14,回暖,昨日连板股(limit_times≥2)中，今日未继续涨停的数量,昨日高位连板股(limit_times≥3)中，今日未继续涨停的数量,今日涨停∩昨日涨停 / 昨日涨停总数 × 100,昨日首板∩今日连板(limit_times≥2) / 昨日首板数 × 100,昨日2板∩今日3板及以上 / 昨日2板总数 × 100,昨日3板∩今日4板及以上 / 昨日3板总数 × 100,今日最终涨停且盘中开板(open_times>0) / (今日最终涨停且盘中开板 + 炸板未封家数) × 100,zha_count / (up_count + zha_count) × 100,"min(up_count / max(down_count, 1), 20)，clip防极端值",(big_cap_up + 2*mega_cap_up) / up_count × 100，大市值涨停加权占比,当日最高板股票中，first_time 最早者的首次封板时间,当日最高板代表股 open_times>0 记为1，否则记为0,当日首板股按 first_time 排序后，第3只首板出现时间，作为批量启动时点,当日炸板股中，13:00后出现 first_time 的炸板家数（v1 近似为午后高位风险代理）,当日最高板代表股 last_time≥14:30 记为1，作为尾盘高位波动风险代理（v1）,"v2: 0.20*h + 0.25*p + 0.20*z + 0.10*u + 0.25*s (120日分位数排名) × 交互修正(高度×质量, 赚亏对冲)",冰点(<20)|回暖(<35且上升)|加速(>60且上升)|分歧(>50且下降)|退潮(<40从>45连降)|震荡(其他)
20260210,60,2,8,3,21,39,35,0,0,,13,4,25.3,28.99,10.0,0.0,75.76,11.76,20,0.0,92500,0,093000,1,0,3.42,67.81,99.32,82.88,50.0,58.29,震荡,昨日连板股(limit_times≥2)中，今日未继续涨停的数量,昨日高位连板股(limit_times≥3)中，今日未继续涨停的数量,今日涨停∩昨日涨停 / 昨日涨停总数 × 100,昨日首板∩今日连板(limit_times≥2) / 昨日首板数 × 100,昨日2板∩今日3板及以上 / 昨日2板总数 × 100,昨日3板∩今日4板及以上 / 昨日3板总数 × 100,今日最终涨停且盘中开板(open_times>0) / (今日最终涨停且盘中开板 + 炸板未封家数) × 100,zha_count / (up_count + zha_count) × 100,"min(up_count / max(down_count, 1), 20)，clip防极端值",(big_cap_up + 2*mega_cap_up) / up_count × 100，大市值涨停加权占比,当日最高板股票中，first_time 最早者的首次封板时间,当日最高板代表股 open_times>0 记为1，否则记为0,当日首板股按 first_time 排序后，第3只首板出现时间，作为批量启动时点,当日炸板股中，13:00后出现 first_time 的炸板家数（v1 近似为午后高位风险代理）,当日最高板代表股 last_time≥14:30 记为1，作为尾盘高位波动风险代理（v1）,"v2: 0.20*h + 0.25*p + 0.20*z + 0.10*u + 0.25*s (120日分位数排名) × 交互修正(高度×质量, 赚亏对冲)",冰点(<20)|回暖(<35且上升)|加速(>60且上升)|分歧(>50且下降)|退潮(<40从>45连降)|震荡(其他)
20260211,51,5,17,4,11,40,29,0,0,,13,0,18.33,7.69,35.0,100.0,56.41,25.0,10.2,0.0,93042,1,093000,4,0,14.86,27.7,62.16,47.97,50.0,39.63,退潮,昨日连板股(limit_times≥2)中，今日未继续涨停的数量,昨日高位连板股(limit_times≥3)中，今日未继续涨停的数量,今日涨停∩昨日涨停 / 昨日涨停总数 × 100,昨日首板∩今日连板(limit_times≥2) / 昨日首板数 × 100,昨日2板∩今日3板及以上 / 昨日2板总数 × 100,昨日3板∩今日4板及以上 / 昨日3板总数 × 100,今日最终涨停且盘中开板(open_times>0) / (今日最终涨停且盘中开板 + 炸板未封家数) × 100,zha_count / (up_count + zha_count) × 100,"min(up_count / max(down_count, 1), 20)，clip防极端值",(big_cap_up + 2*mega_cap_up) / up_count × 100，大市值涨停加权占比,当日最高板股票中，first_time 最早者的首次封板时间,当日最高板代表股 open_times>0 记为1，否则记为0,当日首板股按 first_time 排序后，第3只首板出现时间，作为批量启动时点,当日炸板股中，13:00后出现 first_time 的炸板家数（v1 近似为午后高位风险代理）,当日最高板代表股 last_time≥14:30 记为1，作为尾盘高位波动风险代理（v1）,"v2: 0.20*h + 0.25*p + 0.20*z + 0.10*u + 0.25*s (120日分位数排名) × 交互修正(高度×质量, 赚亏对冲)",冰点(<20)|回暖(<35且上升)|加速(>60且上升)|分歧(>50且下降)|退潮(<40从>45连降)|震荡(其他)
20260212,60,13,19,4,17,43,36,0,0,,6,4,33.33,30.0,33.33,57.14,55.81,24.05,4.62,0.0,92502,0,093000,5,0,15.33,88.0,70.0,26.0,50.0,54.17,回暖,昨日连板股(limit_times≥2)中，今日未继续涨停的数量,昨日高位连板股(limit_times≥3)中，今日未继续涨停的数量,今日涨停∩昨日涨停 / 昨日涨停总数 × 100,昨日首板∩今日连板(limit_times≥2) / 昨日首板数 × 100,昨日2板∩今日3板及以上 / 昨日2板总数 × 100,昨日3板∩今日4板及以上 / 昨日3板总数 × 100,今日最终涨停且盘中开板(open_times>0) / (今日最终涨停且盘中开板 + 炸板未封家数) × 100,zha_count / (up_count + zha_count) × 100,"min(up_count / max(down_count, 1), 20)，clip防极端值",(big_cap_up + 2*mega_cap_up) / up_count × 100，大市值涨停加权占比,当日最高板股票中，first_time 最早者的首次封板时间,当日最高板代表股 open_times>0 记为1，否则记为0,当日首板股按 first_time 排序后，第3只首板出现时间，作为批量启动时点,当日炸板股中，13:00后出现 first_time 的炸板家数（v1 近似为午后高位风险代理）,当日最高板代表股 last_time≥14:30 记为1，作为尾盘高位波动风险代理（v1）,"v2: 0.20*h + 0.25*p + 0.20*z + 0.10*u + 0.25*s (120日分位数排名) × 交互修正(高度×质量, 赚亏对冲)",冰点(<20)|回暖(<35且上升)|加速(>60且上升)|分歧(>50且下降)|退潮(<40从>45连降)|震荡(其他)
20260213,32,12,11,5,5,27,15,0,0,,13,4,8.33,2.33,25.0,0.0,60.71,25.58,2.67,0.0,93050,1,093700,1,0,34.21,1.97,57.24,15.13,50.0,32.8,退潮,昨日连板股(limit_times≥2)中，今日未继续涨停的数量,昨日高位连板股(limit_times≥3)中，今日未继续涨停的数量,今日涨停∩昨日涨停 / 昨日涨停总数 × 100,昨日首板∩今日连板(limit_times≥2) / 昨日首板数 × 100,昨日2板∩今日3板及以上 / 昨日2板总数 × 100,昨日3板∩今日4板及以上 / 昨日3板总数 × 100,今日最终涨停且盘中开板(open_times>0) / (今日最终涨停且盘中开板 + 炸板未封家数) × 100,zha_count / (up_count + zha_count) × 100,"min(up_count / max(down_count, 1), 20)，clip防极端值",(big_cap_up + 2*mega_cap_up) / up_count × 100，大市值涨停加权占比,当日最高板股票中，first_time 最早者的首次封板时间,当日最高板代表股 open_times>0 记为1，否则记为0,当日首板股按 first_time 排序后，第3只首板出现时间，作为批量启动时点,当日炸板股中，13:00后出现 first_time 的炸板家数（v1 近似为午后高位风险代理）,当日最高板代表股 last_time≥14:30 记为1，作为尾盘高位波动风险代理（v1）,"v2: 0.20*h + 0.25*p + 0.20*z + 0.10*u + 0.25*s (120日分位数排名) × 交互修正(高度×质量, 赚亏对冲)",冰点(<20)|回暖(<35且上升)|加速(>60且上升)|分歧(>50且下降)|退潮(<40从>45连降)|震荡(其他)
20260224,92,15,42,4,7,85,48,0,0,,2,2,21.88,14.81,100.0,66.67,51.16,31.34,6.13,0.0,92500,0,093000,14,0,15.58,50.0,33.12,34.42,50.0,38.18,回暖,昨日连板股(limit_times≥2)中，今日未继续涨停的数量,昨日高位连板股(limit_times≥3)中，今日未继续涨停的数量,今日涨停∩昨日涨停 / 昨日涨停总数 × 100,昨日首板∩今日连板(limit_times≥2) / 昨日首板数 × 100,昨日2板∩今日3板及以上 / 昨日2板总数 × 100,昨日3板∩今日4板及以上 / 昨日3板总数 × 100,今日最终涨停且盘中开板(open_times>0) / (今日最终涨停且盘中开板 + 炸板未封家数) × 100,zha_count / (up_count + zha_count) × 100,"min(up_count / max(down_count, 1), 20)，clip防极端值",(big_cap_up + 2*mega_cap_up) / up_count × 100，大市值涨停加权占比,当日最高板股票中，first_time 最早者的首次封板时间,当日最高板代表股 open_times>0 记为1，否则记为0,当日首板股按 first_time 排序后，第3只首板出现时间，作为批量启动时点,当日炸板股中，13:00后出现 first_time 的炸板家数（v1 近似为午后高位风险代理）,当日最高板代表股 last_time≥14:30 记为1，作为尾盘高位波动风险代理（v1）,"v2: 0.20*h + 0.25*p + 0.20*z + 0.10*u + 0.25*s (120日分位数排名) × 交互修正(高度×质量, 赚亏对冲)",冰点(<20)|回暖(<35且上升)|加速(>60且上升)|分歧(>50且下降)|退潮(<40从>45连降)|震荡(其他)
20260225,75,3,35,5,18,57,44,0,0,,3,1,19.57,16.47,50.0,100.0,46.97,31.82,20,0.0,105942,1,093200,6,1,35.26,34.62,32.69,83.33,50.0,43.08,回暖,昨日连板股(limit_times≥2)中，今日未继续涨停的数量,昨日高位连板股(limit_times≥3)中，今日未继续涨停的数量,今日涨停∩昨日涨停 / 昨日涨停总数 × 100,昨日首板∩今日连板(limit_times≥2) / 昨日首板数 × 100,昨日2板∩今日3板及以上 / 昨日2板总数 × 100,昨日3板∩今日4板及以上 / 昨日3板总数 × 100,今日最终涨停且盘中开板(open_times>0) / (今日最终涨停且盘中开板 + 炸板未封家数) × 100,zha_count / (up_count + zha_count) × 100,"min(up_count / max(down_count, 1), 20)，clip防极端值",(big_cap_up + 2*mega_cap_up) / up_count × 100，大市值涨停加权占比,当日最高板股票中，first_time 最早者的首次封板时间,当日最高板代表股 open_times>0 记为1，否则记为0,当日首板股按 first_time 排序后，第3只首板出现时间，作为批量启动时点,当日炸板股中，13:00后出现 first_time 的炸板家数（v1 近似为午后高位风险代理）,当日最高板代表股 last_time≥14:30 记为1，作为尾盘高位波动风险代理（v1）,"v2: 0.20*h + 0.25*p + 0.20*z + 0.10*u + 0.25*s (120日分位数排名) × 交互修正(高度×质量, 赚亏对冲)",冰点(<20)|回暖(<35且上升)|加速(>60且上升)|分歧(>50且下降)|退潮(<40从>45连降)|震荡(其他)
20260226,0,0,0,0,0,0,0,0,0,,14,2,12.0,8.77,14.29,50.0,100.0,0.0,0.0,0.0,,0,093100,10,0,0.63,5.7,99.37,0.63,50.0,33.99,退潮,昨日连板股(limit_times≥2)中，今日未继续涨停的数量,昨日高位连板股(limit_times≥3)中，今日未继续涨停的数量,今日涨停∩昨日涨停 / 昨日涨停总数 × 100,昨日首板∩今日连板(limit_times≥2) / 昨日首板数 × 100,昨日2板∩今日3板及以上 / 昨日2板总数 × 100,昨日3板∩今日4板及以上 / 昨日3板总数 × 100,今日最终涨停且盘中开板(open_times>0) / (今日最终涨停且盘中开板 + 炸板未封家数) × 100,zha_count / (up_count + zha_count) × 100,"min(up_count / max(down_count, 1), 20)，clip防极端值",(big_cap_up + 2*mega_cap_up) / up_count × 100，大市值涨停加权占比,当日最高板股票中，first_time 最早者的首次封板时间,当日最高板代表股 open_times>0 记为1，否则记为0,当日首板股按 first_time 排序后，第3只首板出现时间，作为批量启动时点,当日炸板股中，13:00后出现 first_time 的炸板家数（v1 近似为午后高位风险代理）,当日最高板代表股 last_time≥14:30 记为1，作为尾盘高位波动风险代理（v1）,"v2: 0.20*h + 0.25*p + 0.20*z + 0.10*u + 0.25*s (120日分位数排名) × 交互修正(高度×质量, 赚亏对冲)",冰点(<20)|回暖(<35且上升)|加速(>60且上升)|分歧(>50且下降)|退潮(<40从>45连降)|震荡(其他)
20260227,75,0,15,7,10,65,44,0,0,,4,2,16.39,9.62,60.0,50.0,67.39,16.67,20,0.0,93054,1,093200,4,0,73.12,18.12,94.38,83.12,50.0,58.84,回暖,昨日连板股(limit_times≥2)中，今日未继续涨停的数量,昨日高位连板股(limit_times≥3)中，今日未继续涨停的数量,今日涨停∩昨日涨停 / 昨日涨停总数 × 100,昨日首板∩今日连板(limit_times≥2) / 昨日首板数 × 100,昨日2板∩今日3板及以上 / 昨日2板总数 × 100,昨日3板∩今日4板及以上 / 昨日3板总数 × 100,今日最终涨停且盘中开板(open_times>0) / (今日最终涨停且盘中开板 + 炸板未封家数) × 100,zha_count / (up_count + zha_count) × 100,"min(up_count / max(down_count, 1), 20)，clip防极端值",(big_cap_up + 2*mega_cap_up) / up_count × 100，大市值涨停加权占比,当日最高板股票中，first_time 最早者的首次封板时间,当日最高板代表股 open_times>0 记为1，否则记为0,当日首板股按 first_time 排序后，第3只首板出现时间，作为批量启动时点,当日炸板股中，13:00后出现 first_time 的炸板家数（v1 近似为午后高位风险代理）,当日最高板代表股 last_time≥14:30 记为1，作为尾盘高位波动风险代理（v1）,"v2: 0.20*h + 0.25*p + 0.20*z + 0.10*u + 0.25*s (120日分位数排名) × 交互修正(高度×质量, 赚亏对冲)",冰点(<20)|回暖(<35且上升)|加速(>60且上升)|分歧(>50且下降)|退潮(<40从>45连降)|震荡(其他)
20260302,0,0,0,0,0,0,0,0,0,,8,5,26.67,27.69,40.0,0.0,100.0,0.0,0.0,0.0,,0,092500,9,0,1.23,74.69,98.77,1.23,50.0,51.3,分歧,昨日连板股(limit_times≥2)中，今日未继续涨停的数量,昨日高位连板股(limit_times≥3)中，今日未继续涨停的数量,今日涨停∩昨日涨停 / 昨日涨停总数 × 100,昨日首板∩今日连板(limit_times≥2) / 昨日首板数 × 100,昨日2板∩今日3板及以上 / 昨日2板总数 × 100,昨日3板∩今日4板及以上 / 昨日3板总数 × 100,今日最终涨停且盘中开板(open_times>0) / (今日最终涨停且盘中开板 + 炸板未封家数) × 100,zha_count / (up_count + zha_count) × 100,"min(up_count / max(down_count, 1), 20)，clip防极端值",(big_cap_up + 2*mega_cap_up) / up_count × 100，大市值涨停加权占比,当日最高板股票中，first_time 最早者的首次封板时间,当日最高板代表股 open_times>0 记为1，否则记为0,当日首板股按 first_time 排序后，第3只首板出现时间，作为批量启动时点,当日炸板股中，13:00后出现 first_time 的炸板家数（v1 近似为午后高位风险代理）,当日最高板代表股 last_time≥14:30 记为1，作为尾盘高位波动风险代理（v1）,"v2: 0.20*h + 0.25*p + 0.20*z + 0.10*u + 0.25*s (120日分位数排名) × 交互修正(高度×质量, 赚亏对冲)",冰点(<20)|回暖(<35且上升)|加速(>60且上升)|分歧(>50且下降)|退潮(<40从>45连降)|震荡(其他)
20260303,82,53,24,3,37,45,29,34,15,东方盛虹|协鑫集成|中远海能|中国石化|广汇能源|海油工程|上海石化|洲际油气|石化油服|中国海油|海油发展|中海油服|中国石油|中远海发|招商轮船,16,2,42.05,48.53,22.22,0.0,68.83,22.64,1.55,78.05,92500,1,093100,5,1,6.1,96.95,78.66,11.59,99.39,67.2,加速,昨日连板股(limit_times≥2)中，今日未继续涨停的数量,昨日高位连板股(limit_times≥3)中，今日未继续涨停的数量,今日涨停∩昨日涨停 / 昨日涨停总数 × 100,昨日首板∩今日连板(limit_times≥2) / 昨日首板数 × 100,昨日2板∩今日3板及以上 / 昨日2板总数 × 100,昨日3板∩今日4板及以上 / 昨日3板总数 × 100,今日最终涨停且盘中开板(open_times>0) / (今日最终涨停且盘中开板 + 炸板未封家数) × 100,zha_count / (up_count + zha_count) × 100,"min(up_count / max(down_count, 1), 20)，clip防极端值",(big_cap_up + 2*mega_cap_up) / up_count × 100，大市值涨停加权占比,当日最高板股票中，first_time 最早者的首次封板时间,当日最高板代表股 open_times>0 记为1，否则记为0,当日首板股按 first_time 排序后，第3只首板出现时间，作为批量启动时点,当日炸板股中，13:00后出现 first_time 的炸板家数（v1 近似为午后高位风险代理）,当日最高板代表股 last_time≥14:30 记为1，作为尾盘高位波动风险代理（v1）,"v2: 0.20*h + 0.25*p + 0.20*z + 0.10*u + 0.25*s (120日分位数排名) × 交互修正(高度×质量, 赚亏对冲)",冰点(<20)|回暖(<35且上升)|加速(>60且上升)|分歧(>50且下降)|退潮(<40从>45连降)|震荡(其他)
20260304,44,11,19,4,6,38,18,18,6,德明利|桂冠电力|洲际油气|石化油服|超颖电子|佰维存储,31,2,7.32,0.0,12.12,50.0,57.78,30.16,4.0,68.18,92502,1,093300,2,0,18.67,1.81,36.75,25.9,98.19,38.67,退潮,昨日连板股(limit_times≥2)中，今日未继续涨停的数量,昨日高位连板股(limit_times≥3)中，今日未继续涨停的数量,今日涨停∩昨日涨停 / 昨日涨停总数 × 100,昨日首板∩今日连板(limit_times≥2) / 昨日首板数 × 100,昨日2板∩今日3板及以上 / 昨日2板总数 × 100,昨日3板∩今日4板及以上 / 昨日3板总数 × 100,今日最终涨停且盘中开板(open_times>0) / (今日最终涨停且盘中开板 + 炸板未封家数) × 100,zha_count / (up_count + zha_count) × 100,"min(up_count / max(down_count, 1), 20)，clip防极端值",(big_cap_up + 2*mega_cap_up) / up_count × 100，大市值涨停加权占比,当日最高板股票中，first_time 最早者的首次封板时间,当日最高板代表股 open_times>0 记为1，否则记为0,当日首板股按 first_time 排序后，第3只首板出现时间，作为批量启动时点,当日炸板股中，13:00后出现 first_time 的炸板家数（v1 近似为午后高位风险代理）,当日最高板代表股 last_time≥14:30 记为1，作为尾盘高位波动风险代理（v1）,"v2: 0.20*h + 0.25*p + 0.20*z + 0.10*u + 0.25*s (120日分位数排名) × 交互修正(高度×质量, 赚亏对冲)",冰点(<20)|回暖(<35且上升)|加速(>60且上升)|分歧(>50且下降)|退潮(<40从>45连降)|震荡(其他)
20260305,69,3,30,2,7,62,42,32,9,恒逸石化|岩山科技|兆驰股份|欧菲光|三安光电|东方电气|中国西电|上海电气|振华股份,6,6,15.91,18.42,0,0.0,47.37,30.3,20,72.46,92500,0,093000,6,0,2.98,18.45,35.12,83.33,98.21,45.12,回暖,昨日连板股(limit_times≥2)中，今日未继续涨停的数量,昨日高位连板股(limit_times≥3)中，今日未继续涨停的数量,今日涨停∩昨日涨停 / 昨日涨停总数 × 100,昨日首板∩今日连板(limit_times≥2) / 昨日首板数 × 100,昨日2板∩今日3板及以上 / 昨日2板总数 × 100,昨日3板∩今日4板及以上 / 昨日3板总数 × 100,今日最终涨停且盘中开板(open_times>0) / (今日最终涨停且盘中开板 + 炸板未封家数) × 100,zha_count / (up_count + zha_count) × 100,"min(up_count / max(down_count, 1), 20)，clip防极端值",(big_cap_up + 2*mega_cap_up) / up_count × 100，大市值涨停加权占比,当日最高板股票中，first_time 最早者的首次封板时间,当日最高板代表股 open_times>0 记为1，否则记为0,当日首板股按 first_time 排序后，第3只首板出现时间，作为批量启动时点,当日炸板股中，13:00后出现 first_time 的炸板家数（v1 近似为午后高位风险代理）,当日最高板代表股 last_time≥14:30 记为1，作为尾盘高位波动风险代理（v1）,"v2: 0.20*h + 0.25*p + 0.20*z + 0.10*u + 0.25*s (120日分位数排名) × 交互修正(高度×质量, 赚亏对冲)",冰点(<20)|回暖(<35且上升)|加速(>60且上升)|分歧(>50且下降)|退潮(<40从>45连降)|震荡(其他)
20260306,74,0,26,3,8,66,0,32,9,,3,0,11.59,6.45,57.14,0,55.93,26.0,20,67.57,92500,0,093000,7,0,7.65,6.47,55.88,82.94,95.88,46.59,震荡,昨日连板股(limit_times≥2)中，今日未继续涨停的数量,昨日高位连板股(limit_times≥3)中，今日未继续涨停的数量,今日涨停∩昨日涨停 / 昨日涨停总数 × 100,昨日首板∩今日连板(limit_times≥2) / 昨日首板数 × 100,昨日2板∩今日3板及以上 / 昨日2板总数 × 100,昨日3板∩今日4板及以上 / 昨日3板总数 × 100,今日最终涨停且盘中开板(open_times>0) / (今日最终涨停且盘中开板 + 炸板未封家数) × 100,zha_count / (up_count + zha_count) × 100,"min(up_count / max(down_count, 1), 20)，clip防极端值",(big_cap_up + 2*mega_cap_up) / up_count × 100，大市值涨停加权占比,当日最高板股票中，first_time 最早者的首次封板时间,当日最高板代表股 open_times>0 记为1，否则记为0,当日首板股按 first_time 排序后，第3只首板出现时间，作为批量启动时点,当日炸板股中，13:00后出现 first_time 的炸板家数（v1 近似为午后高位风险代理）,当日最高板代表股 last_time≥14:30 记为1，作为尾盘高位波动风险代理（v1）,"v2: 0.20*h + 0.25*p + 0.20*z + 0.10*u + 0.25*s (120日分位数排名) × 交互修正(高度×质量, 赚亏对冲)",冰点(<20)|回暖(<35且上升)|加速(>60且上升)|分歧(>50且下降)|退潮(<40从>45连降)|震荡(其他)
20260309,42,3,34,4,11,31,29,21,8,中国长城|佛塑科技|拓维信息|南网能源|绿联科技|云赛智联|三星医疗|正泰电器,5,2,14.86,12.12,25.0,50.0,27.66,44.74,14.0,88.1,92503,0,093300,3,0,20.93,15.7,2.91,58.72,99.42,39.42,退潮,昨日连板股(limit_times≥2)中，今日未继续涨停的数量,昨日高位连板股(limit_times≥3)中，今日未继续涨停的数量,今日涨停∩昨日涨停 / 昨日涨停总数 × 100,昨日首板∩今日连板(limit_times≥2) / 昨日首板数 × 100,昨日2板∩今日3板及以上 / 昨日2板总数 × 100,昨日3板∩今日4板及以上 / 昨日3板总数 × 100,今日最终涨停且盘中开板(open_times>0) / (今日最终涨停且盘中开板 + 炸板未封家数) × 100,zha_count / (up_count + zha_count) × 100,"min(up_count / max(down_count, 1), 20)，clip防极端值",(big_cap_up + 2*mega_cap_up) / up_count × 100，大市值涨停加权占比,当日最高板股票中，first_time 最早者的首次封板时间,当日最高板代表股 open_times>0 记为1，否则记为0,当日首板股按 first_time 排序后，第3只首板出现时间，作为批量启动时点,当日炸板股中，13:00后出现 first_time 的炸板家数（v1 近似为午后高位风险代理）,当日最高板代表股 last_time≥14:30 记为1，作为尾盘高位波动风险代理（v1）,"v2: 0.20*h + 0.25*p + 0.20*z + 0.10*u + 0.25*s (120日分位数排名) × 交互修正(高度×质量, 赚亏对冲)",冰点(<20)|回暖(<35且上升)|加速(>60且上升)|分歧(>50且下降)|退潮(<40从>45连降)|震荡(其他)
20260310,56,4,22,5,6,50,36,30,11,汇绿生态|广合科技|光迅科技|信立泰|科华数据|东山精密|兆威机电|开山股份|烽火通信|长飞光纤|长光华芯,9,2,14.29,12.9,12.5,0.0,47.62,28.21,14.0,92.86,92502,0,093100,2,0,40.23,10.92,47.7,58.62,99.43,51.04,回暖,昨日连板股(limit_times≥2)中，今日未继续涨停的数量,昨日高位连板股(limit_times≥3)中，今日未继续涨停的数量,今日涨停∩昨日涨停 / 昨日涨停总数 × 100,昨日首板∩今日连板(limit_times≥2) / 昨日首板数 × 100,昨日2板∩今日3板及以上 / 昨日2板总数 × 100,昨日3板∩今日4板及以上 / 昨日3板总数 × 100,今日最终涨停且盘中开板(open_times>0) / (今日最终涨停且盘中开板 + 炸板未封家数) × 100,zha_count / (up_count + zha_count) × 100,"min(up_count / max(down_count, 1), 20)，clip防极端值",(big_cap_up + 2*mega_cap_up) / up_count × 100，大市值涨停加权占比,当日最高板股票中，first_time 最早者的首次封板时间,当日最高板代表股 open_times>0 记为1，否则记为0,当日首板股按 first_time 排序后，第3只首板出现时间，作为批量启动时点,当日炸板股中，13:00后出现 first_time 的炸板家数（v1 近似为午后高位风险代理）,当日最高板代表股 last_time≥14:30 记为1，作为尾盘高位波动风险代理（v1）,"v2: 0.20*h + 0.25*p + 0.20*z + 0.10*u + 0.25*s (120日分位数排名) × 交互修正(高度×质量, 赚亏对冲)",冰点(<20)|回暖(<35且上升)|加速(>60且上升)|分歧(>50且下降)|退潮(<40从>45连降)|震荡(其他)
20260311,53,2,18,4,10,43,26,31,6,裕同科技|安迪苏|梅花生物|宝丰能源|中国能建|德业股份,4,1,17.86,16.0,25.0,100.0,60.0,25.35,20,81.13,93246,1,093000,2,0,21.02,30.11,59.09,82.95,97.16,56.13,回暖,昨日连板股(limit_times≥2)中，今日未继续涨停的数量,昨日高位连板股(limit_times≥3)中，今日未继续涨停的数量,今日涨停∩昨日涨停 / 昨日涨停总数 × 100,昨日首板∩今日连板(limit_times≥2) / 昨日首板数 × 100,昨日2板∩今日3板及以上 / 昨日2板总数 × 100,昨日3板∩今日4板及以上 / 昨日3板总数 × 100,今日最终涨停且盘中开板(open_times>0) / (今日最终涨停且盘中开板 + 炸板未封家数) × 100,zha_count / (up_count + zha_count) × 100,"min(up_count / max(down_count, 1), 20)，clip防极端值",(big_cap_up + 2*mega_cap_up) / up_count × 100，大市值涨停加权占比,当日最高板股票中，first_time 最早者的首次封板时间,当日最高板代表股 open_times>0 记为1，否则记为0,当日首板股按 first_time 排序后，第3只首板出现时间，作为批量启动时点,当日炸板股中，13:00后出现 first_time 的炸板家数（v1 近似为午后高位风险代理）,当日最高板代表股 last_time≥14:30 记为1，作为尾盘高位波动风险代理（v1）,"v2: 0.20*h + 0.25*p + 0.20*z + 0.10*u + 0.25*s (120日分位数排名) × 交互修正(高度×质量, 赚亏对冲)",冰点(<20)|回暖(<35且上升)|加速(>60且上升)|分歧(>50且下降)|退潮(<40从>45连降)|震荡(其他)
20260312,52,2,21,4,8,44,26,32,10,协鑫能科|大金重工|汉缆股份|兖矿能源|三安光电|华电能源|新天绿能|中国能建|大唐发电|中复神鹰,7,1,15.09,11.63,25.0,100.0,55.32,28.77,20,100.0,92500,0,092500,3,0,21.35,18.54,44.38,82.58,99.44,50.9,分歧,昨日连板股(limit_times≥2)中，今日未继续涨停的数量,昨日高位连板股(limit_times≥3)中，今日未继续涨停的数量,今日涨停∩昨日涨停 / 昨日涨停总数 × 100,昨日首板∩今日连板(limit_times≥2) / 昨日首板数 × 100,昨日2板∩今日3板及以上 / 昨日2板总数 × 100,昨日3板∩今日4板及以上 / 昨日3板总数 × 100,今日最终涨停且盘中开板(open_times>0) / (今日最终涨停且盘中开板 + 炸板未封家数) × 100,zha_count / (up_count + zha_count) × 100,"min(up_count / max(down_count, 1), 20)，clip防极端值",(big_cap_up + 2*mega_cap_up) / up_count × 100，大市值涨停加权占比,当日最高板股票中，first_time 最早者的首次封板时间,当日最高板代表股 open_times>0 记为1，否则记为0,当日首板股按 first_time 排序后，第3只首板出现时间，作为批量启动时点,当日炸板股中，13:00后出现 first_time 的炸板家数（v1 近似为午后高位风险代理）,当日最高板代表股 last_time≥14:30 记为1，作为尾盘高位波动风险代理（v1）,"v2: 0.20*h + 0.25*p + 0.20*z + 0.10*u + 0.25*s (120日分位数排名) × 交互修正(高度×质量, 赚亏对冲)",冰点(<20)|回暖(<35且上升)|加速(>60且上升)|分歧(>50且下降)|退潮(<40从>45连降)|震荡(其他)
20260313,59,13,18,5,8,51,38,23,8,横店东磁|兆驰股份|大金重工|华电能源|中国核建|中国电建|璞泰来|亚翔集成,5,1,15.38,11.36,20.0,50.0,53.85,23.38,4.54,66.1,92500,0,093000,2,0,41.67,19.44,76.11,27.22,90.56,53.78,震荡,昨日连板股(limit_times≥2)中，今日未继续涨停的数量,昨日高位连板股(limit_times≥3)中，今日未继续涨停的数量,今日涨停∩昨日涨停 / 昨日涨停总数 × 100,昨日首板∩今日连板(limit_times≥2) / 昨日首板数 × 100,昨日2板∩今日3板及以上 / 昨日2板总数 × 100,昨日3板∩今日4板及以上 / 昨日3板总数 × 100,今日最终涨停且盘中开板(open_times>0) / (今日最终涨停且盘中开板 + 炸板未封家数) × 100,zha_count / (up_count + zha_count) × 100,"min(up_count / max(down_count, 1), 20)，clip防极端值",(big_cap_up + 2*mega_cap_up) / up_count × 100，大市值涨停加权占比,当日最高板股票中，first_time 最早者的首次封板时间,当日最高板代表股 open_times>0 记为1，否则记为0,当日首板股按 first_time 排序后，第3只首板出现时间，作为批量启动时点,当日炸板股中，13:00后出现 first_time 的炸板家数（v1 近似为午后高位风险代理）,当日最高板代表股 last_time≥14:30 记为1，作为尾盘高位波动风险代理（v1）,"v2: 0.20*h + 0.25*p + 0.20*z + 0.10*u + 0.25*s (120日分位数排名) × 交互修正(高度×质量, 赚亏对冲)",冰点(<20)|回暖(<35且上升)|加速(>60且上升)|分歧(>50且下降)|退潮(<40从>45连降)|震荡(其他)
20260316,44,5,24,3,6,38,26,19,5,中油资本|裕同科技|超颖电子|亚翔集成|兆易创新,6,3,10.17,7.84,40.0,0.0,42.86,35.29,8.8,65.91,93002,1,092500,3,0,7.69,4.95,17.03,44.51,89.56,33.02,退潮,昨日连板股(limit_times≥2)中，今日未继续涨停的数量,昨日高位连板股(limit_times≥3)中，今日未继续涨停的数量,今日涨停∩昨日涨停 / 昨日涨停总数 × 100,昨日首板∩今日连板(limit_times≥2) / 昨日首板数 × 100,昨日2板∩今日3板及以上 / 昨日2板总数 × 100,昨日3板∩今日4板及以上 / 昨日3板总数 × 100,今日最终涨停且盘中开板(open_times>0) / (今日最终涨停且盘中开板 + 炸板未封家数) × 100,zha_count / (up_count + zha_count) × 100,"min(up_count / max(down_count, 1), 20)，clip防极端值",(big_cap_up + 2*mega_cap_up) / up_count × 100，大市值涨停加权占比,当日最高板股票中，first_time 最早者的首次封板时间,当日最高板代表股 open_times>0 记为1，否则记为0,当日首板股按 first_time 排序后，第3只首板出现时间，作为批量启动时点,当日炸板股中，13:00后出现 first_time 的炸板家数（v1 近似为午后高位风险代理）,当日最高板代表股 last_time≥14:30 记为1，作为尾盘高位波动风险代理（v1）,"v2: 0.20*h + 0.25*p + 0.20*z + 0.10*u + 0.25*s (120日分位数排名) × 交互修正(高度×质量, 赚亏对冲)",冰点(<20)|回暖(<35且上升)|加速(>60且上升)|分歧(>50且下降)|退潮(<40从>45连降)|震荡(其他)
20260317,0,0,0,0,0,0,0,0,0,,6,2,0.0,0.0,0.0,0.0,0,0.0,0.0,0.0,,0,,0,0,1.63,1.09,98.37,1.63,44.57,31.58,震荡,昨日连板股(limit_times≥2)中，今日未继续涨停的数量,昨日高位连板股(limit_times≥3)中，今日未继续涨停的数量,今日涨停∩昨日涨停 / 昨日涨停总数 × 100,昨日首板∩今日连板(limit_times≥2) / 昨日首板数 × 100,昨日2板∩今日3板及以上 / 昨日2板总数 × 100,昨日3板∩今日4板及以上 / 昨日3板总数 × 100,今日最终涨停且盘中开板(open_times>0) / (今日最终涨停且盘中开板 + 炸板未封家数) × 100,zha_count / (up_count + zha_count) × 100,"min(up_count / max(down_count, 1), 20)，clip防极端值",(big_cap_up + 2*mega_cap_up) / up_count × 100，大市值涨停加权占比,当日最高板股票中，first_time 最早者的首次封板时间,当日最高板代表股 open_times>0 记为1，否则记为0,当日首板股按 first_time 排序后，第3只首板出现时间，作为批量启动时点,当日炸板股中，13:00后出现 first_time 的炸板家数（v1 近似为午后高位风险代理）,当日最高板代表股 last_time≥14:30 记为1，作为尾盘高位波动风险代理（v1）,"v2: 0.20*h + 0.25*p + 0.20*z + 0.10*u + 0.25*s (120日分位数排名) × 交互修正(高度×质量, 赚亏对冲)",冰点(<20)|回暖(<35且上升)|加速(>60且上升)|分歧(>50且下降)|退潮(<40从>45连降)|震荡(其他)
20260318,0,0,0,0,0,0,0,0,0,,0,0,0,0,0,0,100.0,0.0,0.0,0.0,,0,093000,3,0,2.15,1.61,97.85,2.15,44.62,31.77,震荡,昨日连板股(limit_times≥2)中，今日未继续涨停的数量,昨日高位连板股(limit_times≥3)中，今日未继续涨停的数量,今日涨停∩昨日涨停 / 昨日涨停总数 × 100,昨日首板∩今日连板(limit_times≥2) / 昨日首板数 × 100,昨日2板∩今日3板及以上 / 昨日2板总数 × 100,昨日3板∩今日4板及以上 / 昨日3板总数 × 100,今日最终涨停且盘中开板(open_times>0) / (今日最终涨停且盘中开板 + 炸板未封家数) × 100,zha_count / (up_count + zha_count) × 100,"min(up_count / max(down_count, 1), 20)，clip防极端值",(big_cap_up + 2*mega_cap_up) / up_count × 100，大市值涨停加权占比,当日最高板股票中，first_time 最早者的首次封板时间,当日最高板代表股 open_times>0 记为1，否则记为0,当日首板股按 first_time 排序后，第3只首板出现时间，作为批量启动时点,当日炸板股中，13:00后出现 first_time 的炸板家数（v1 近似为午后高位风险代理）,当日最高板代表股 last_time≥14:30 记为1，作为尾盘高位波动风险代理（v1）,"v2: 0.20*h + 0.25*p + 0.20*z + 0.10*u + 0.25*s (120日分位数排名) × 交互修正(高度×质量, 赚亏对冲)",冰点(<20)|回暖(<35且上升)|加速(>60且上升)|分歧(>50且下降)|退潮(<40从>45连降)|震荡(其他)
20260319,28,5,10,4,8,20,16,13,4,粤电力Ａ|中油资本|九安医疗|华电能源,5,1,14.04,12.0,0.0,100.0,54.55,26.32,5.6,75.0,92500,0,093400,1,0,23.94,13.3,54.79,32.45,94.15,45.85,回暖,昨日连板股(limit_times≥2)中，今日未继续涨停的数量,昨日高位连板股(limit_times≥3)中，今日未继续涨停的数量,今日涨停∩昨日涨停 / 昨日涨停总数 × 100,昨日首板∩今日连板(limit_times≥2) / 昨日首板数 × 100,昨日2板∩今日3板及以上 / 昨日2板总数 × 100,昨日3板∩今日4板及以上 / 昨日3板总数 × 100,今日最终涨停且盘中开板(open_times>0) / (今日最终涨停且盘中开板 + 炸板未封家数) × 100,zha_count / (up_count + zha_count) × 100,"min(up_count / max(down_count, 1), 20)，clip防极端值",(big_cap_up + 2*mega_cap_up) / up_count × 100，大市值涨停加权占比,当日最高板股票中，first_time 最早者的首次封板时间,当日最高板代表股 open_times>0 记为1，否则记为0,当日首板股按 first_time 排序后，第3只首板出现时间，作为批量启动时点,当日炸板股中，13:00后出现 first_time 的炸板家数（v1 近似为午后高位风险代理）,当日最高板代表股 last_time≥14:30 记为1，作为尾盘高位波动风险代理（v1）,"v2: 0.20*h + 0.25*p + 0.20*z + 0.10*u + 0.25*s (120日分位数排名) × 交互修正(高度×质量, 赚亏对冲)",冰点(<20)|回暖(<35且上升)|加速(>60且上升)|分歧(>50且下降)|退潮(<40从>45连降)|震荡(其他)
20260320,28,13,23,5,7,21,10,11,1,华电能源,4,0,25.0,15.0,33.33,0,43.9,45.1,2.15,46.43,92500,0,093100,5,0,44.21,70.53,2.63,14.21,87.89,45.35,震荡,昨日连板股(limit_times≥2)中，今日未继续涨停的数量,昨日高位连板股(limit_times≥3)中，今日未继续涨停的数量,今日涨停∩昨日涨停 / 昨日涨停总数 × 100,昨日首板∩今日连板(limit_times≥2) / 昨日首板数 × 100,昨日2板∩今日3板及以上 / 昨日2板总数 × 100,昨日3板∩今日4板及以上 / 昨日3板总数 × 100,今日最终涨停且盘中开板(open_times>0) / (今日最终涨停且盘中开板 + 炸板未封家数) × 100,zha_count / (up_count + zha_count) × 100,"min(up_count / max(down_count, 1), 20)，clip防极端值",(big_cap_up + 2*mega_cap_up) / up_count × 100，大市值涨停加权占比,当日最高板股票中，first_time 最早者的首次封板时间,当日最高板代表股 open_times>0 记为1，否则记为0,当日首板股按 first_time 排序后，第3只首板出现时间，作为批量启动时点,当日炸板股中，13:00后出现 first_time 的炸板家数（v1 近似为午后高位风险代理）,当日最高板代表股 last_time≥14:30 记为1，作为尾盘高位波动风险代理（v1）,"v2: 0.20*h + 0.25*p + 0.20*z + 0.10*u + 0.25*s (120日分位数排名) × 交互修正(高度×质量, 赚亏对冲)",冰点(<20)|回暖(<35且上升)|加速(>60且上升)|分歧(>50且下降)|退潮(<40从>45连降)|震荡(其他)
20260323,28,70,15,6,5,23,10,11,2,恒逸石化|金发科技,4,2,17.86,9.52,33.33,50.0,54.55,34.88,0.4,53.57,93059,1,093100,1,0,63.02,34.38,18.23,6.77,88.02,47.53,震荡,昨日连板股(limit_times≥2)中，今日未继续涨停的数量,昨日高位连板股(limit_times≥3)中，今日未继续涨停的数量,今日涨停∩昨日涨停 / 昨日涨停总数 × 100,昨日首板∩今日连板(limit_times≥2) / 昨日首板数 × 100,昨日2板∩今日3板及以上 / 昨日2板总数 × 100,昨日3板∩今日4板及以上 / 昨日3板总数 × 100,今日最终涨停且盘中开板(open_times>0) / (今日最终涨停且盘中开板 + 炸板未封家数) × 100,zha_count / (up_count + zha_count) × 100,"min(up_count / max(down_count, 1), 20)，clip防极端值",(big_cap_up + 2*mega_cap_up) / up_count × 100，大市值涨停加权占比,当日最高板股票中，first_time 最早者的首次封板时间,当日最高板代表股 open_times>0 记为1，否则记为0,当日首板股按 first_time 排序后，第3只首板出现时间，作为批量启动时点,当日炸板股中，13:00后出现 first_time 的炸板家数（v1 近似为午后高位风险代理）,当日最高板代表股 last_time≥14:30 记为1，作为尾盘高位波动风险代理（v1）,"v2: 0.20*h + 0.25*p + 0.20*z + 0.10*u + 0.25*s (120日分位数排名) × 交互修正(高度×质量, 赚亏对冲)",冰点(<20)|回暖(<35且上升)|加速(>60且上升)|分歧(>50且下降)|退潮(<40从>45连降)|震荡(其他)
20260324,83,1,22,7,6,77,42,36,8,粤电力Ａ|国城矿业|大中矿业|福晶科技|中远海能|节能风电|长飞光纤|亚翔集成,3,2,21.43,17.39,50.0,0.0,65.08,20.95,20,62.65,93815,1,093000,8,0,77.32,55.15,84.02,83.51,88.14,76.44,加速,昨日连板股(limit_times≥2)中，今日未继续涨停的数量,昨日高位连板股(limit_times≥3)中，今日未继续涨停的数量,今日涨停∩昨日涨停 / 昨日涨停总数 × 100,昨日首板∩今日连板(limit_times≥2) / 昨日首板数 × 100,昨日2板∩今日3板及以上 / 昨日2板总数 × 100,昨日3板∩今日4板及以上 / 昨日3板总数 × 100,今日最终涨停且盘中开板(open_times>0) / (今日最终涨停且盘中开板 + 炸板未封家数) × 100,zha_count / (up_count + zha_count) × 100,"min(up_count / max(down_count, 1), 20)，clip防极端值",(big_cap_up + 2*mega_cap_up) / up_count × 100，大市值涨停加权占比,当日最高板股票中，first_time 最早者的首次封板时间,当日最高板代表股 open_times>0 记为1，否则记为0,当日首板股按 first_time 排序后，第3只首板出现时间，作为批量启动时点,当日炸板股中，13:00后出现 first_time 的炸板家数（v1 近似为午后高位风险代理）,当日最高板代表股 last_time≥14:30 记为1，作为尾盘高位波动风险代理（v1）,"v2: 0.20*h + 0.25*p + 0.20*z + 0.10*u + 0.25*s (120日分位数排名) × 交互修正(高度×质量, 赚亏对冲)",冰点(<20)|回暖(<35且上升)|加速(>60且上升)|分歧(>50且下降)|退潮(<40从>45连降)|震荡(其他)
20260325,84,1,14,8,23,61,49,33,10,粤电力Ａ|甘肃能源|立讯精密|浙江新能|华电能源|节能风电|长城军工|长飞光纤|超颖电子|新泉股份,2,0,27.71,24.68,50.0,100.0,71.43,14.29,20,63.1,93311,1,093000,5,0,86.22,79.08,93.37,83.16,88.27,86.07,加速,昨日连板股(limit_times≥2)中，今日未继续涨停的数量,昨日高位连板股(limit_times≥3)中，今日未继续涨停的数量,今日涨停∩昨日涨停 / 昨日涨停总数 × 100,昨日首板∩今日连板(limit_times≥2) / 昨日首板数 × 100,昨日2板∩今日3板及以上 / 昨日2板总数 × 100,昨日3板∩今日4板及以上 / 昨日3板总数 × 100,今日最终涨停且盘中开板(open_times>0) / (今日最终涨停且盘中开板 + 炸板未封家数) × 100,zha_count / (up_count + zha_count) × 100,"min(up_count / max(down_count, 1), 20)，clip防极端值",(big_cap_up + 2*mega_cap_up) / up_count × 100，大市值涨停加权占比,当日最高板股票中，first_time 最早者的首次封板时间,当日最高板代表股 open_times>0 记为1，否则记为0,当日首板股按 first_time 排序后，第3只首板出现时间，作为批量启动时点,当日炸板股中，13:00后出现 first_time 的炸板家数（v1 近似为午后高位风险代理）,当日最高板代表股 last_time≥14:30 记为1，作为尾盘高位波动风险代理（v1）,"v2: 0.20*h + 0.25*p + 0.20*z + 0.10*u + 0.25*s (120日分位数排名) × 交互修正(高度×质量, 赚亏对冲)",冰点(<20)|回暖(<35且上升)|加速(>60且上升)|分歧(>50且下降)|退潮(<40从>45连降)|震荡(其他)
20260326,39,8,18,3,10,29,22,15,1,华电能源,19,4,11.9,9.84,21.05,0.0,48.57,31.58,4.88,43.59,92500,0,093000,4,0,9.6,9.6,30.81,31.82,84.34,34.75,退潮,昨日连板股(limit_times≥2)中，今日未继续涨停的数量,昨日高位连板股(limit_times≥3)中，今日未继续涨停的数量,今日涨停∩昨日涨停 / 昨日涨停总数 × 100,昨日首板∩今日连板(limit_times≥2) / 昨日首板数 × 100,昨日2板∩今日3板及以上 / 昨日2板总数 × 100,昨日3板∩今日4板及以上 / 昨日3板总数 × 100,今日最终涨停且盘中开板(open_times>0) / (今日最终涨停且盘中开板 + 炸板未封家数) × 100,zha_count / (up_count + zha_count) × 100,"min(up_count / max(down_count, 1), 20)，clip防极端值",(big_cap_up + 2*mega_cap_up) / up_count × 100，大市值涨停加权占比,当日最高板股票中，first_time 最早者的首次封板时间,当日最高板代表股 open_times>0 记为1，否则记为0,当日首板股按 first_time 排序后，第3只首板出现时间，作为批量启动时点,当日炸板股中，13:00后出现 first_time 的炸板家数（v1 近似为午后高位风险代理）,当日最高板代表股 last_time≥14:30 记为1，作为尾盘高位波动风险代理（v1）,"v2: 0.20*h + 0.25*p + 0.20*z + 0.10*u + 0.25*s (120日分位数排名) × 交互修正(高度×质量, 赚亏对冲)",冰点(<20)|回暖(<35且上升)|加速(>60且上升)|分歧(>50且下降)|退潮(<40从>45连降)|震荡(其他)
20260327,78,2,16,4,10,68,50,37,6,盛新锂能|信立泰|云南锗业|九安医疗|赣锋锂业|永兴材料,7,1,25.64,24.14,0.0,75.0,63.64,17.02,20,62.82,93000,0,093200,6,0,24.0,74.5,90.5,83.0,87.5,71.7,加速,昨日连板股(limit_times≥2)中，今日未继续涨停的数量,昨日高位连板股(limit_times≥3)中，今日未继续涨停的数量,今日涨停∩昨日涨停 / 昨日涨停总数 × 100,昨日首板∩今日连板(limit_times≥2) / 昨日首板数 × 100,昨日2板∩今日3板及以上 / 昨日2板总数 × 100,昨日3板∩今日4板及以上 / 昨日3板总数 × 100,今日最终涨停且盘中开板(open_times>0) / (今日最终涨停且盘中开板 + 炸板未封家数) × 100,zha_count / (up_count + zha_count) × 100,"min(up_count / max(down_count, 1), 20)，clip防极端值",(big_cap_up + 2*mega_cap_up) / up_count × 100，大市值涨停加权占比,当日最高板股票中，first_time 最早者的首次封板时间,当日最高板代表股 open_times>0 记为1，否则记为0,当日首板股按 first_time 排序后，第3只首板出现时间，作为批量启动时点,当日炸板股中，13:00后出现 first_time 的炸板家数（v1 近似为午后高位风险代理）,当日最高板代表股 last_time≥14:30 记为1，作为尾盘高位波动风险代理（v1）,"v2: 0.20*h + 0.25*p + 0.20*z + 0.10*u + 0.25*s (120日分位数排名) × 交互修正(高度×质量, 赚亏对冲)",冰点(<20)|回暖(<35且上升)|加速(>60且上升)|分歧(>50且下降)|退潮(<40从>45连降)|震荡(其他)
20260330,62,10,17,5,12,50,31,24,9,福晶科技|九安医疗|天山铝业|科达利|南山铝业|亨通光电|云赛智联|长飞光纤|宏和科技,8,2,15.38,14.71,14.29,0,64.58,21.52,6.2,67.74,93027,0,092500,2,0,44.06,22.77,81.68,38.12,91.58,57.55,分歧,昨日连板股(limit_times≥2)中，今日未继续涨停的数量,昨日高位连板股(limit_times≥3)中，今日未继续涨停的数量,今日涨停∩昨日涨停 / 昨日涨停总数 × 100,昨日首板∩今日连板(limit_times≥2) / 昨日首板数 × 100,昨日2板∩今日3板及以上 / 昨日2板总数 × 100,昨日3板∩今日4板及以上 / 昨日3板总数 × 100,今日最终涨停且盘中开板(open_times>0) / (今日最终涨停且盘中开板 + 炸板未封家数) × 100,zha_count / (up_count + zha_count) × 100,"min(up_count / max(down_count, 1), 20)，clip防极端值",(big_cap_up + 2*mega_cap_up) / up_count × 100，大市值涨停加权占比,当日最高板股票中，first_time 最早者的首次封板时间,当日最高板代表股 open_times>0 记为1，否则记为0,当日首板股按 first_time 排序后，第3只首板出现时间，作为批量启动时点,当日炸板股中，13:00后出现 first_time 的炸板家数（v1 近似为午后高位风险代理）,当日最高板代表股 last_time≥14:30 记为1，作为尾盘高位波动风险代理（v1）,"v2: 0.20*h + 0.25*p + 0.20*z + 0.10*u + 0.25*s (120日分位数排名) × 交互修正(高度×质量, 赚亏对冲)",冰点(<20)|回暖(<35且上升)|加速(>60且上升)|分歧(>50且下降)|退潮(<40从>45连降)|震荡(其他)
20260331,53,1,17,4,8,45,31,16,2,凯莱英|宇通客车,10,1,12.9,12.0,10.0,100.0,56.41,24.29,20,37.74,93057,1,093000,2,0,24.02,11.27,65.2,82.84,81.86,49.41,退潮,昨日连板股(limit_times≥2)中，今日未继续涨停的数量,昨日高位连板股(limit_times≥3)中，今日未继续涨停的数量,今日涨停∩昨日涨停 / 昨日涨停总数 × 100,昨日首板∩今日连板(limit_times≥2) / 昨日首板数 × 100,昨日2板∩今日3板及以上 / 昨日2板总数 × 100,昨日3板∩今日4板及以上 / 昨日3板总数 × 100,今日最终涨停且盘中开板(open_times>0) / (今日最终涨停且盘中开板 + 炸板未封家数) × 100,zha_count / (up_count + zha_count) × 100,"min(up_count / max(down_count, 1), 20)，clip防极端值",(big_cap_up + 2*mega_cap_up) / up_count × 100，大市值涨停加权占比,当日最高板股票中，first_time 最早者的首次封板时间,当日最高板代表股 open_times>0 记为1，否则记为0,当日首板股按 first_time 排序后，第3只首板出现时间，作为批量启动时点,当日炸板股中，13:00后出现 first_time 的炸板家数（v1 近似为午后高位风险代理）,当日最高板代表股 last_time≥14:30 记为1，作为尾盘高位波动风险代理（v1）,"v2: 0.20*h + 0.25*p + 0.20*z + 0.10*u + 0.25*s (120日分位数排名) × 交互修正(高度×质量, 赚亏对冲)",冰点(<20)|回暖(<35且上升)|加速(>60且上升)|分歧(>50且下降)|退潮(<40从>45连降)|震荡(其他)
20260401,56,6,38,4,5,51,34,22,7,九安医疗|巨人网络|完美世界|凯莱英|永鼎股份|招商轮船|华勤技术,7,1,9.43,8.89,0.0,100.0,36.67,40.43,9.33,64.29,93013,0,093000,5,0,24.27,6.31,7.28,47.09,87.86,34.56,退潮,昨日连板股(limit_times≥2)中，今日未继续涨停的数量,昨日高位连板股(limit_times≥3)中，今日未继续涨停的数量,今日涨停∩昨日涨停 / 昨日涨停总数 × 100,昨日首板∩今日连板(limit_times≥2) / 昨日首板数 × 100,昨日2板∩今日3板及以上 / 昨日2板总数 × 100,昨日3板∩今日4板及以上 / 昨日3板总数 × 100,今日最终涨停且盘中开板(open_times>0) / (今日最终涨停且盘中开板 + 炸板未封家数) × 100,zha_count / (up_count + zha_count) × 100,"min(up_count / max(down_count, 1), 20)，clip防极端值",(big_cap_up + 2*mega_cap_up) / up_count × 100，大市值涨停加权占比,当日最高板股票中，first_time 最早者的首次封板时间,当日最高板代表股 open_times>0 记为1，否则记为0,当日首板股按 first_time 排序后，第3只首板出现时间，作为批量启动时点,当日炸板股中，13:00后出现 first_time 的炸板家数（v1 近似为午后高位风险代理）,当日最高板代表股 last_time≥14:30 记为1，作为尾盘高位波动风险代理（v1）,"v2: 0.20*h + 0.25*p + 0.20*z + 0.10*u + 0.25*s (120日分位数排名) × 交互修正(高度×质量, 赚亏对冲)",冰点(<20)|回暖(<35且上升)|加速(>60且上升)|分歧(>50且下降)|退潮(<40从>45连降)|震荡(其他)
20260402,28,5,18,5,6,22,13,7,1,川能动力,1,0,10.71,3.92,75.0,0,45.45,39.13,5.6,32.14,92502,0,093000,3,0,45.19,8.17,10.1,32.69,80.29,36.44,震荡,昨日连板股(limit_times≥2)中，今日未继续涨停的数量,昨日高位连板股(limit_times≥3)中，今日未继续涨停的数量,今日涨停∩昨日涨停 / 昨日涨停总数 × 100,昨日首板∩今日连板(limit_times≥2) / 昨日首板数 × 100,昨日2板∩今日3板及以上 / 昨日2板总数 × 100,昨日3板∩今日4板及以上 / 昨日3板总数 × 100,今日最终涨停且盘中开板(open_times>0) / (今日最终涨停且盘中开板 + 炸板未封家数) × 100,zha_count / (up_count + zha_count) × 100,"min(up_count / max(down_count, 1), 20)，clip防极端值",(big_cap_up + 2*mega_cap_up) / up_count × 100，大市值涨停加权占比,当日最高板股票中，first_time 最早者的首次封板时间,当日最高板代表股 open_times>0 记为1，否则记为0,当日首板股按 first_time 排序后，第3只首板出现时间，作为批量启动时点,当日炸板股中，13:00后出现 first_time 的炸板家数（v1 近似为午后高位风险代理）,当日最高板代表股 last_time≥14:30 记为1，作为尾盘高位波动风险代理（v1）,"v2: 0.20*h + 0.25*p + 0.20*z + 0.10*u + 0.25*s (120日分位数排名) × 交互修正(高度×质量, 赚亏对冲)",冰点(<20)|回暖(<35且上升)|加速(>60且上升)|分歧(>50且下降)|退潮(<40从>45连降)|震荡(其他)
20260403,36,24,12,6,4,32,15,15,6,福晶科技|裕同科技|中瓷电子|云赛智联|远东股份|德科立,5,3,14.29,13.64,0.0,0.0,63.64,25.0,1.5,75.0,93024,0,093600,3,0,63.81,17.14,60.48,11.9,94.29,53.91,回暖,昨日连板股(limit_times≥2)中，今日未继续涨停的数量,昨日高位连板股(limit_times≥3)中，今日未继续涨停的数量,今日涨停∩昨日涨停 / 昨日涨停总数 × 100,昨日首板∩今日连板(limit_times≥2) / 昨日首板数 × 100,昨日2板∩今日3板及以上 / 昨日2板总数 × 100,昨日3板∩今日4板及以上 / 昨日3板总数 × 100,今日最终涨停且盘中开板(open_times>0) / (今日最终涨停且盘中开板 + 炸板未封家数) × 100,zha_count / (up_count + zha_count) × 100,"min(up_count / max(down_count, 1), 20)，clip防极端值",(big_cap_up + 2*mega_cap_up) / up_count × 100，大市值涨停加权占比,当日最高板股票中，first_time 最早者的首次封板时间,当日最高板代表股 open_times>0 记为1，否则记为0,当日首板股按 first_time 排序后，第3只首板出现时间，作为批量启动时点,当日炸板股中，13:00后出现 first_time 的炸板家数（v1 近似为午后高位风险代理）,当日最高板代表股 last_time≥14:30 记为1，作为尾盘高位波动风险代理（v1）,"v2: 0.20*h + 0.25*p + 0.20*z + 0.10*u + 0.25*s (120日分位数排名) × 交互修正(高度×质量, 赚亏对冲)",冰点(<20)|回暖(<35且上升)|加速(>60且上升)|分歧(>50且下降)|退潮(<40从>45连降)|震荡(其他)
20260407,93,4,26,7,7,86,48,32,5,恒逸石化|鲁西化工|航天电器|合盛硅业|圣泉集团,4,1,0.0,0.0,0.0,0,0.0,21.85,20,45.16,,0,,0,0,77.83,1.89,78.77,83.02,81.6,60.49,加速,昨日连板股(limit_times≥2)中，今日未继续涨停的数量,昨日高位连板股(limit_times≥3)中，今日未继续涨停的数量,今日涨停∩昨日涨停 / 昨日涨停总数 × 100,昨日首板∩今日连板(limit_times≥2) / 昨日首板数 × 100,昨日2板∩今日3板及以上 / 昨日2板总数 × 100,昨日3板∩今日4板及以上 / 昨日3板总数 × 100,今日最终涨停且盘中开板(open_times>0) / (今日最终涨停且盘中开板 + 炸板未封家数) × 100,zha_count / (up_count + zha_count) × 100,"min(up_count / max(down_count, 1), 20)，clip防极端值",(big_cap_up + 2*mega_cap_up) / up_count × 100，大市值涨停加权占比,当日最高板股票中，first_time 最早者的首次封板时间,当日最高板代表股 open_times>0 记为1，否则记为0,当日首板股按 first_time 排序后，第3只首板出现时间，作为批量启动时点,当日炸板股中，13:00后出现 first_time 的炸板家数（v1 近似为午后高位风险代理）,当日最高板代表股 last_time≥14:30 记为1，作为尾盘高位波动风险代理（v1）,"v2: 0.20*h + 0.25*p + 0.20*z + 0.10*u + 0.25*s (120日分位数排名) × 交互修正(高度×质量, 赚亏对冲)",冰点(<20)|回暖(<35且上升)|加速(>60且上升)|分歧(>50且下降)|退潮(<40从>45连降)|震荡(其他)
20260408,123,4,16,4,11,112,64,73,27,兴业银锡|汇绿生态|广合科技|大族激光|利欧股份|湖南黄金|水晶光电|杰瑞股份|东山精密|沪电股份|湖南白银|第一创业|深南电路|蓝色光标|香农芯创|永鼎股份|中国东航|杭钢股份|华锡有色|远东股份|东方电气|西部黄金|剑桥科技|超颖电子|应流股份|世运电路|芯碁微装,0,0,0,0,0,0,0.0,11.51,20,103.25,,0,,0,0,23.83,2.34,95.79,82.71,99.53,57.66,分歧,昨日连板股(limit_times≥2)中，今日未继续涨停的数量,昨日高位连板股(limit_times≥3)中，今日未继续涨停的数量,今日涨停∩昨日涨停 / 昨日涨停总数 × 100,昨日首板∩今日连板(limit_times≥2) / 昨日首板数 × 100,昨日2板∩今日3板及以上 / 昨日2板总数 × 100,昨日3板∩今日4板及以上 / 昨日3板总数 × 100,今日最终涨停且盘中开板(open_times>0) / (今日最终涨停且盘中开板 + 炸板未封家数) × 100,zha_count / (up_count + zha_count) × 100,"min(up_count / max(down_count, 1), 20)，clip防极端值",(big_cap_up + 2*mega_cap_up) / up_count × 100，大市值涨停加权占比,当日最高板股票中，first_time 最早者的首次封板时间,当日最高板代表股 open_times>0 记为1，否则记为0,当日首板股按 first_time 排序后，第3只首板出现时间，作为批量启动时点,当日炸板股中，13:00后出现 first_time 的炸板家数（v1 近似为午后高位风险代理）,当日最高板代表股 last_time≥14:30 记为1，作为尾盘高位波动风险代理（v1）,"v2: 0.20*h + 0.25*p + 0.20*z + 0.10*u + 0.25*s (120日分位数排名) × 交互修正(高度×质量, 赚亏对冲)",冰点(<20)|回暖(<35且上升)|加速(>60且上升)|分歧(>50且下降)|退潮(<40从>45连降)|震荡(其他)
20260409,53,1,16,5,12,41,28,29,6,航天电器|光迅科技|东山精密|长飞光纤|华懋科技|亚翔集成,0,0,0,0,0,0,60.98,23.19,20,77.36,93018,1,093000,5,0,44.91,2.78,74.54,82.41,93.98,56.32,分歧,昨日连板股(limit_times≥2)中，今日未继续涨停的数量,昨日高位连板股(limit_times≥3)中，今日未继续涨停的数量,今日涨停∩昨日涨停 / 昨日涨停总数 × 100,昨日首板∩今日连板(limit_times≥2) / 昨日首板数 × 100,昨日2板∩今日3板及以上 / 昨日2板总数 × 100,昨日3板∩今日4板及以上 / 昨日3板总数 × 100,今日最终涨停且盘中开板(open_times>0) / (今日最终涨停且盘中开板 + 炸板未封家数) × 100,zha_count / (up_count + zha_count) × 100,"min(up_count / max(down_count, 1), 20)，clip防极端值",(big_cap_up + 2*mega_cap_up) / up_count × 100，大市值涨停加权占比,当日最高板股票中，first_time 最早者的首次封板时间,当日最高板代表股 open_times>0 记为1，否则记为0,当日首板股按 first_time 排序后，第3只首板出现时间，作为批量启动时点,当日炸板股中，13:00后出现 first_time 的炸板家数（v1 近似为午后高位风险代理）,当日最高板代表股 last_time≥14:30 记为1，作为尾盘高位波动风险代理（v1）,"v2: 0.20*h + 0.25*p + 0.20*z + 0.10*u + 0.25*s (120日分位数排名) × 交互修正(高度×质量, 赚亏对冲)",冰点(<20)|回暖(<35且上升)|加速(>60且上升)|分歧(>50且下降)|退潮(<40从>45连降)|震荡(其他)
20260410,59,8,27,4,13,46,23,20,5,德明利|国轩高科|永鼎股份|中国动力|德业股份,8,1,22.64,19.51,30.0,100.0,57.14,31.4,7.38,50.85,93033,1,092500,3,0,23.85,63.76,30.73,42.66,81.19,51.42,分歧,昨日连板股(limit_times≥2)中，今日未继续涨停的数量,昨日高位连板股(limit_times≥3)中，今日未继续涨停的数量,今日涨停∩昨日涨停 / 昨日涨停总数 × 100,昨日首板∩今日连板(limit_times≥2) / 昨日首板数 × 100,昨日2板∩今日3板及以上 / 昨日2板总数 × 100,昨日3板∩今日4板及以上 / 昨日3板总数 × 100,今日最终涨停且盘中开板(open_times>0) / (今日最终涨停且盘中开板 + 炸板未封家数) × 100,zha_count / (up_count + zha_count) × 100,"min(up_count / max(down_count, 1), 20)，clip防极端值",(big_cap_up + 2*mega_cap_up) / up_count × 100，大市值涨停加权占比,当日最高板股票中，first_time 最早者的首次封板时间,当日最高板代表股 open_times>0 记为1，否则记为0,当日首板股按 first_time 排序后，第3只首板出现时间，作为批量启动时点,当日炸板股中，13:00后出现 first_time 的炸板家数（v1 近似为午后高位风险代理）,当日最高板代表股 last_time≥14:30 记为1，作为尾盘高位波动风险代理（v1）,"v2: 0.20*h + 0.25*p + 0.20*z + 0.10*u + 0.25*s (120日分位数排名) × 交互修正(高度×质量, 赚亏对冲)",冰点(<20)|回暖(<35且上升)|加速(>60且上升)|分歧(>50且下降)|退潮(<40从>45连降)|震荡(其他)
20260413,59,4,15,5,8,51,32,28,8,国城矿业|大中矿业|中材科技|盛新锂能|兴森科技|中国巨石|安迪苏|宏和科技,9,2,13.56,8.7,22.22,33.33,64.29,20.27,14.75,74.58,93024,0,093000,2,0,45.45,15.91,85.0,59.55,91.36,58.86,回暖,昨日连板股(limit_times≥2)中，今日未继续涨停的数量,昨日高位连板股(limit_times≥3)中，今日未继续涨停的数量,今日涨停∩昨日涨停 / 昨日涨停总数 × 100,昨日首板∩今日连板(limit_times≥2) / 昨日首板数 × 100,昨日2板∩今日3板及以上 / 昨日2板总数 × 100,昨日3板∩今日4板及以上 / 昨日3板总数 × 100,今日最终涨停且盘中开板(open_times>0) / (今日最终涨停且盘中开板 + 炸板未封家数) × 100,zha_count / (up_count + zha_count) × 100,"min(up_count / max(down_count, 1), 20)，clip防极端值",(big_cap_up + 2*mega_cap_up) / up_count × 100，大市值涨停加权占比,当日最高板股票中，first_time 最早者的首次封板时间,当日最高板代表股 open_times>0 记为1，否则记为0,当日首板股按 first_time 排序后，第3只首板出现时间，作为批量启动时点,当日炸板股中，13:00后出现 first_time 的炸板家数（v1 近似为午后高位风险代理）,当日最高板代表股 last_time≥14:30 记为1，作为尾盘高位波动风险代理（v1）,"v2: 0.20*h + 0.25*p + 0.20*z + 0.10*u + 0.25*s (120日分位数排名) × 交互修正(高度×质量, 赚亏对冲)",冰点(<20)|回暖(<35且上升)|加速(>60且上升)|分歧(>50且下降)|退潮(<40从>45连降)|震荡(其他)
20260414,55,4,18,6,10,45,29,25,4,盈峰环境|正邦科技|沪电股份|协创数据,4,1,16.95,11.76,25.0,100.0,59.09,24.66,13.75,60.0,93030,0,093000,1,0,64.41,34.68,61.26,57.21,81.53,59.91,震荡,昨日连板股(limit_times≥2)中，今日未继续涨停的数量,昨日高位连板股(limit_times≥3)中，今日未继续涨停的数量,今日涨停∩昨日涨停 / 昨日涨停总数 × 100,昨日首板∩今日连板(limit_times≥2) / 昨日首板数 × 100,昨日2板∩今日3板及以上 / 昨日2板总数 × 100,昨日3板∩今日4板及以上 / 昨日3板总数 × 100,今日最终涨停且盘中开板(open_times>0) / (今日最终涨停且盘中开板 + 炸板未封家数) × 100,zha_count / (up_count + zha_count) × 100,"min(up_count / max(down_count, 1), 20)，clip防极端值",(big_cap_up + 2*mega_cap_up) / up_count × 100，大市值涨停加权占比,当日最高板股票中，first_time 最早者的首次封板时间,当日最高板代表股 open_times>0 记为1，否则记为0,当日首板股按 first_time 排序后，第3只首板出现时间，作为批量启动时点,当日炸板股中，13:00后出现 first_time 的炸板家数（v1 近似为午后高位风险代理）,当日最高板代表股 last_time≥14:30 记为1，作为尾盘高位波动风险代理（v1）,"v2: 0.20*h + 0.25*p + 0.20*z + 0.10*u + 0.25*s (120日分位数排名) × 交互修正(高度×质量, 赚亏对冲)",冰点(<20)|回暖(<35且上升)|加速(>60且上升)|分歧(>50且下降)|退潮(<40从>45连降)|震荡(其他)
20260415,57,7,24,5,11,46,29,28,1,红板科技,7,3,20.0,17.78,33.33,0.0,53.85,29.63,8.14,52.63,93021,1,093100,5,0,45.09,50.0,37.95,45.09,79.91,53.59,分歧,昨日连板股(limit_times≥2)中，今日未继续涨停的数量,昨日高位连板股(limit_times≥3)中，今日未继续涨停的数量,今日涨停∩昨日涨停 / 昨日涨停总数 × 100,昨日首板∩今日连板(limit_times≥2) / 昨日首板数 × 100,昨日2板∩今日3板及以上 / 昨日2板总数 × 100,昨日3板∩今日4板及以上 / 昨日3板总数 × 100,今日最终涨停且盘中开板(open_times>0) / (今日最终涨停且盘中开板 + 炸板未封家数) × 100,zha_count / (up_count + zha_count) × 100,"min(up_count / max(down_count, 1), 20)，clip防极端值",(big_cap_up + 2*mega_cap_up) / up_count × 100，大市值涨停加权占比,当日最高板股票中，first_time 最早者的首次封板时间,当日最高板代表股 open_times>0 记为1，否则记为0,当日首板股按 first_time 排序后，第3只首板出现时间，作为批量启动时点,当日炸板股中，13:00后出现 first_time 的炸板家数（v1 近似为午后高位风险代理）,当日最高板代表股 last_time≥14:30 记为1，作为尾盘高位波动风险代理（v1）,"v2: 0.20*h + 0.25*p + 0.20*z + 0.10*u + 0.25*s (120日分位数排名) × 交互修正(高度×质量, 赚亏对冲)",冰点(<20)|回暖(<35且上升)|加速(>60且上升)|分歧(>50且下降)|退潮(<40从>45连降)|震荡(其他)
20260416,79,1,23,6,8,71,42,34,10,中钨高新|盈峰环境|大中矿业|大族激光|豪迈科技|科达利|宏景科技|厦门钨业|东方电气|世运电路,8,1,14.04,10.87,12.5,50.0,61.67,22.55,20,68.35,93724,1,092500,8,0,64.6,18.58,76.55,82.74,89.82,63.6,加速,昨日连板股(limit_times≥2)中，今日未继续涨停的数量,昨日高位连板股(limit_times≥3)中，今日未继续涨停的数量,今日涨停∩昨日涨停 / 昨日涨停总数 × 100,昨日首板∩今日连板(limit_times≥2) / 昨日首板数 × 100,昨日2板∩今日3板及以上 / 昨日2板总数 × 100,昨日3板∩今日4板及以上 / 昨日3板总数 × 100,今日最终涨停且盘中开板(open_times>0) / (今日最终涨停且盘中开板 + 炸板未封家数) × 100,zha_count / (up_count + zha_count) × 100,"min(up_count / max(down_count, 1), 20)，clip防极端值",(big_cap_up + 2*mega_cap_up) / up_count × 100，大市值涨停加权占比,当日最高板股票中，first_time 最早者的首次封板时间,当日最高板代表股 open_times>0 记为1，否则记为0,当日首板股按 first_time 排序后，第3只首板出现时间，作为批量启动时点,当日炸板股中，13:00后出现 first_time 的炸板家数（v1 近似为午后高位风险代理）,当日最高板代表股 last_time≥14:30 记为1，作为尾盘高位波动风险代理（v1）,"v2: 0.20*h + 0.25*p + 0.20*z + 0.10*u + 0.25*s (120日分位数排名) × 交互修正(高度×质量, 赚亏对冲)",冰点(<20)|回暖(<35且上升)|加速(>60且上升)|分歧(>50且下降)|退潮(<40从>45连降)|震荡(其他)
20260417,71,3,20,7,13,58,38,40,9,广合科技|海亮股份|光迅科技|云南锗业|大金重工|中瓷电子|衢州发展|三安光电|剑桥科技,3,0,16.46,11.27,40.0,100.0,62.26,21.98,20,81.69,93330,1,093100,6,0,78.95,33.77,77.63,82.46,96.05,72.02,加速,昨日连板股(limit_times≥2)中，今日未继续涨停的数量,昨日高位连板股(limit_times≥3)中，今日未继续涨停的数量,今日涨停∩昨日涨停 / 昨日涨停总数 × 100,昨日首板∩今日连板(limit_times≥2) / 昨日首板数 × 100,昨日2板∩今日3板及以上 / 昨日2板总数 × 100,昨日3板∩今日4板及以上 / 昨日3板总数 × 100,今日最终涨停且盘中开板(open_times>0) / (今日最终涨停且盘中开板 + 炸板未封家数) × 100,zha_count / (up_count + zha_count) × 100,"min(up_count / max(down_count, 1), 20)，clip防极端值",(big_cap_up + 2*mega_cap_up) / up_count × 100，大市值涨停加权占比,当日最高板股票中，first_time 最早者的首次封板时间,当日最高板代表股 open_times>0 记为1，否则记为0,当日首板股按 first_time 排序后，第3只首板出现时间，作为批量启动时点,当日炸板股中，13:00后出现 first_time 的炸板家数（v1 近似为午后高位风险代理）,当日最高板代表股 last_time≥14:30 记为1，作为尾盘高位波动风险代理（v1）,"v2: 0.20*h + 0.25*p + 0.20*z + 0.10*u + 0.25*s (120日分位数排名) × 交互修正(高度×质量, 赚亏对冲)",冰点(<20)|回暖(<35且上升)|加速(>60且上升)|分歧(>50且下降)|退潮(<40从>45连降)|震荡(其他)
20260420,75,6,15,6,15,60,34,38,8,云南锗业|中国卫星|中天科技|方正科技|彩虹股份|中国卫通|松发股份|纽威股份,9,4,21.13,18.97,37.5,0.0,73.21,16.67,12.5,72.0,93433,1,093000,4,0,63.91,56.96,91.3,53.91,89.13,72.96,加速,昨日连板股(limit_times≥2)中，今日未继续涨停的数量,昨日高位连板股(limit_times≥3)中，今日未继续涨停的数量,今日涨停∩昨日涨停 / 昨日涨停总数 × 100,昨日首板∩今日连板(limit_times≥2) / 昨日首板数 × 100,昨日2板∩今日3板及以上 / 昨日2板总数 × 100,昨日3板∩今日4板及以上 / 昨日3板总数 × 100,今日最终涨停且盘中开板(open_times>0) / (今日最终涨停且盘中开板 + 炸板未封家数) × 100,zha_count / (up_count + zha_count) × 100,"min(up_count / max(down_count, 1), 20)，clip防极端值",(big_cap_up + 2*mega_cap_up) / up_count × 100，大市值涨停加权占比,当日最高板股票中，first_time 最早者的首次封板时间,当日最高板代表股 open_times>0 记为1，否则记为0,当日首板股按 first_time 排序后，第3只首板出现时间，作为批量启动时点,当日炸板股中，13:00后出现 first_time 的炸板家数（v1 近似为午后高位风险代理）,当日最高板代表股 last_time≥14:30 记为1，作为尾盘高位波动风险代理（v1）,"v2: 0.20*h + 0.25*p + 0.20*z + 0.10*u + 0.25*s (120日分位数排名) × 交互修正(高度×质量, 赚亏对冲)",冰点(<20)|回暖(<35且上升)|加速(>60且上升)|分歧(>50且下降)|退潮(<40从>45连降)|震荡(其他)
20260421,53,9,10,4,8,45,33,21,2,粤电力Ａ|均胜电子,11,3,10.67,6.67,27.27,33.33,66.67,15.87,5.89,47.17,92501,0,092500,3,0,22.84,9.91,91.81,33.19,76.29,47.8,退潮,昨日连板股(limit_times≥2)中，今日未继续涨停的数量,昨日高位连板股(limit_times≥3)中，今日未继续涨停的数量,今日涨停∩昨日涨停 / 昨日涨停总数 × 100,昨日首板∩今日连板(limit_times≥2) / 昨日首板数 × 100,昨日2板∩今日3板及以上 / 昨日2板总数 × 100,昨日3板∩今日4板及以上 / 昨日3板总数 × 100,今日最终涨停且盘中开板(open_times>0) / (今日最终涨停且盘中开板 + 炸板未封家数) × 100,zha_count / (up_count + zha_count) × 100,"min(up_count / max(down_count, 1), 20)，clip防极端值",(big_cap_up + 2*mega_cap_up) / up_count × 100，大市值涨停加权占比,当日最高板股票中，first_time 最早者的首次封板时间,当日最高板代表股 open_times>0 记为1，否则记为0,当日首板股按 first_time 排序后，第3只首板出现时间，作为批量启动时点,当日炸板股中，13:00后出现 first_time 的炸板家数（v1 近似为午后高位风险代理）,当日最高板代表股 last_time≥14:30 记为1，作为尾盘高位波动风险代理（v1）,"v2: 0.20*h + 0.25*p + 0.20*z + 0.10*u + 0.25*s (120日分位数排名) × 交互修正(高度×质量, 赚亏对冲)",冰点(<20)|回暖(<35且上升)|加速(>60且上升)|分歧(>50且下降)|退潮(<40从>45连降)|震荡(其他)
20260422,55,3,21,4,8,47,29,34,16,深圳华强|东山精密|云南锗业|九安医疗|金安国纪|鹏鼎控股|永鼎股份|杭钢股份|天通股份|亨通光电|三安光电|远东股份|中信金属|东方电缆|博迁新材|长光华芯,6,2,15.09,13.33,0.0,66.67,55.32,27.63,18.33,120.0,92500,0,093200,6,0,23.08,27.35,46.58,61.97,99.57,51.86,回暖,昨日连板股(limit_times≥2)中，今日未继续涨停的数量,昨日高位连板股(limit_times≥3)中，今日未继续涨停的数量,今日涨停∩昨日涨停 / 昨日涨停总数 × 100,昨日首板∩今日连板(limit_times≥2) / 昨日首板数 × 100,昨日2板∩今日3板及以上 / 昨日2板总数 × 100,昨日3板∩今日4板及以上 / 昨日3板总数 × 100,今日最终涨停且盘中开板(open_times>0) / (今日最终涨停且盘中开板 + 炸板未封家数) × 100,zha_count / (up_count + zha_count) × 100,"min(up_count / max(down_count, 1), 20)，clip防极端值",(big_cap_up + 2*mega_cap_up) / up_count × 100，大市值涨停加权占比,当日最高板股票中，first_time 最早者的首次封板时间,当日最高板代表股 open_times>0 记为1，否则记为0,当日首板股按 first_time 排序后，第3只首板出现时间，作为批量启动时点,当日炸板股中，13:00后出现 first_time 的炸板家数（v1 近似为午后高位风险代理）,当日最高板代表股 last_time≥14:30 记为1，作为尾盘高位波动风险代理（v1）,"v2: 0.20*h + 0.25*p + 0.20*z + 0.10*u + 0.25*s (120日分位数排名) × 交互修正(高度×质量, 赚亏对冲)",冰点(<20)|回暖(<35且上升)|加速(>60且上升)|分歧(>50且下降)|退潮(<40从>45连降)|震荡(其他)
20260423,50,15,20,5,9,41,27,20,7,汇绿生态|大族激光|兆驰股份|联泓新科|华电能源|迎驾贡酒|应流股份,4,1,16.36,10.64,50.0,0,53.49,28.57,3.33,68.0,93033,1,092500,5,0,44.92,32.63,42.37,20.76,86.02,49.2,震荡,昨日连板股(limit_times≥2)中，今日未继续涨停的数量,昨日高位连板股(limit_times≥3)中，今日未继续涨停的数量,今日涨停∩昨日涨停 / 昨日涨停总数 × 100,昨日首板∩今日连板(limit_times≥2) / 昨日首板数 × 100,昨日2板∩今日3板及以上 / 昨日2板总数 × 100,昨日3板∩今日4板及以上 / 昨日3板总数 × 100,今日最终涨停且盘中开板(open_times>0) / (今日最终涨停且盘中开板 + 炸板未封家数) × 100,zha_count / (up_count + zha_count) × 100,"min(up_count / max(down_count, 1), 20)，clip防极端值",(big_cap_up + 2*mega_cap_up) / up_count × 100，大市值涨停加权占比,当日最高板股票中，first_time 最早者的首次封板时间,当日最高板代表股 open_times>0 记为1，否则记为0,当日首板股按 first_time 排序后，第3只首板出现时间，作为批量启动时点,当日炸板股中，13:00后出现 first_time 的炸板家数（v1 近似为午后高位风险代理）,当日最高板代表股 last_time≥14:30 记为1，作为尾盘高位波动风险代理（v1）,"v2: 0.20*h + 0.25*p + 0.20*z + 0.10*u + 0.25*s (120日分位数排名) × 交互修正(高度×质量, 赚亏对冲)",冰点(<20)|回暖(<35且上升)|加速(>60且上升)|分歧(>50且下降)|退潮(<40从>45连降)|震荡(其他)
20260424,59,20,20,3,8,51,34,23,9,深圳华强|佛塑科技|盛新锂能|多氟多|永兴材料|恩捷股份|衢州发展|科达制造|华电能源,7,4,16.0,14.63,40.0,0.0,55.56,25.32,2.95,69.49,92502,0,093000,3,0,8.4,32.35,55.04,19.75,87.82,44.71,退潮,昨日连板股(limit_times≥2)中，今日未继续涨停的数量,昨日高位连板股(limit_times≥3)中，今日未继续涨停的数量,今日涨停∩昨日涨停 / 昨日涨停总数 × 100,昨日首板∩今日连板(limit_times≥2) / 昨日首板数 × 100,昨日2板∩今日3板及以上 / 昨日2板总数 × 100,昨日3板∩今日4板及以上 / 昨日3板总数 × 100,今日最终涨停且盘中开板(open_times>0) / (今日最终涨停且盘中开板 + 炸板未封家数) × 100,zha_count / (up_count + zha_count) × 100,"min(up_count / max(down_count, 1), 20)，clip防极端值",(big_cap_up + 2*mega_cap_up) / up_count × 100，大市值涨停加权占比,当日最高板股票中，first_time 最早者的首次封板时间,当日最高板代表股 open_times>0 记为1，否则记为0,当日首板股按 first_time 排序后，第3只首板出现时间，作为批量启动时点,当日炸板股中，13:00后出现 first_time 的炸板家数（v1 近似为午后高位风险代理）,当日最高板代表股 last_time≥14:30 记为1，作为尾盘高位波动风险代理（v1）,"v2: 0.20*h + 0.25*p + 0.20*z + 0.10*u + 0.25*s (120日分位数排名) × 交互修正(高度×质量, 赚亏对冲)",冰点(<20)|回暖(<35且上升)|加速(>60且上升)|分歧(>50且下降)|退潮(<40从>45连降)|震荡(其他)
20260427,65,34,18,4,9,56,31,28,9,深圳华强[电子]|三维通信[传媒]|韵达股份[交通运输]|粤 传 媒[传媒]|合力泰[电子]|江海股份[电子]|良信股份[电力设备]|光华科技[基础化工]|万里石[建筑材料]|杰创智能[计算机]|飞南资源[环保]|万通发展[房地产]|西藏珠峰[有色金属]|华电辽能[公用事业]|江淮汽车[汽车]|东方明珠[传媒]|东百集团[商贸零售]|彩虹股份[电子]|华电能源[公用事业]|景旺电子[电子]|科沃斯[家用电器]|豪威集团[电子]|科森科技[电子]|沃格光电[电子]|力鼎光电[电子]|罗曼股份[建筑装饰]|华兴源创[机械设备]|海泰新光[医药生物],5,1,15.25,11.76,33.33,50.0,65.38,21.69,1.91,70.77,93035,1,093000,5,0,23.75,27.92,79.58,12.92,87.92,50.92,回暖,昨日连板股(limit_times≥2)中，今日未继续涨停的数量,昨日高位连板股(limit_times≥3)中，今日未继续涨停的数量,今日涨停∩昨日涨停 / 昨日涨停总数 × 100,昨日首板∩今日连板(limit_times≥2) / 昨日首板数 × 100,昨日2板∩今日3板及以上 / 昨日2板总数 × 100,昨日3板∩今日4板及以上 / 昨日3板总数 × 100,今日最终涨停且盘中开板(open_times>0) / (今日最终涨停且盘中开板 + 炸板未封家数) × 100,zha_count / (up_count + zha_count) × 100,"min(up_count / max(down_count, 1), 20)，clip防极端值",(big_cap_up + 2*mega_cap_up) / up_count × 100，大市值涨停加权占比,当日最高板股票中，first_time 最早者的首次封板时间,当日最高板代表股 open_times>0 记为1，否则记为0,当日首板股按 first_time 排序后，第3只首板出现时间，作为批量启动时点,当日炸板股中，13:00后出现 first_time 的炸板家数（v1 近似为午后高位风险代理）,当日最高板代表股 last_time≥14:30 记为1，作为尾盘高位波动风险代理（v1）,"v2: 0.20*h + 0.25*p + 0.20*z + 0.10*u + 0.25*s (120日分位数排名) × 交互修正(高度×质量, 赚亏对冲)",冰点(<20)|回暖(<35且上升)|加速(>60且上升)|分歧(>50且下降)|退潮(<40从>45连降)|震荡(其他)
