date,code,name,strategy,strategy_detail,latest_date,latest_cum_nav,week_return,month_return,ytd_return,status
2026-04-28,SATW62,顽岩量化选股1号,量选类,量化选股,2026-04-24,2.0071,0.011388259007306667,0.08152818191615485,0.16414361115944542,正常
2026-04-28,SARD76,正仁股票择时一期,量选类,股票择时,2026-04-27,1.3462015,-0.004417402900483314,0.017721734685183677,0.059750846256789725,正常
2026-04-28,SXG834,正仁双创择时一号,风格类,双创择时,2026-04-27,1.67625922,-0.00523299460424731,0.12514092543310396,0.14357976531586836,正常
2026-04-28,SZC020,瀚鑫纸鸢量化优选,风格类,微盘择时,2026-04-17,2.644,-0.0003780718336483524,-0.020740740740740726,0.01497120921305184,正常
2026-04-28,SAJJ91,积沐领航者,风格类,1000指增,2026-04-27,2.0184,-0.005077142997979012,0.06816257408975468,0.1295539761598301,正常
2026-04-28,SBCA75,太衍光年中证2000指数增强2号,风格类,2000指增T0,2026-04-27,1.2308,-0.0033201068912463993,0.07927043142756918,0.16189936750684408,正常
2026-04-28,SSV122,时间序列红利增强1号,风格类,红利指增,2026-04-24,1.4088,-0.0017714164245730135,0.009096769572380259,0.039704797047970475,正常
2026-04-28,SLQ349,赢仕安盈二号,风格类,转债集中,2026-04-27,1.94150471,0.000994614502209723,0.04744145686404044,0.07905026355662326,正常
2026-04-28,STE836,具力芒种1号,风格类,转债分散,2026-04-24,1.65190185,-0.00436571193407298,0.048077771432963434,0.039442543542189235,正常
2026-04-28,SGN799,玉数纯阿尔法一号,风格类,300指增T0,2026-04-24,1.48285301,0.0070050835232911,0.0825252706373385,0.16457662818944496,正常
2026-04-28,SNY231,玉数顺利一号,风格类,500指增T0,2026-04-24,1.8935008,0.013606658601212462,0.09411537157716898,0.1748469318111312,正常
2026-04-28,SZB966,玉数涵瑞专享十七号,风格类,1000指增T0,2026-04-24,1.71903679,-0.009026377435385147,0.08835418392350158,0.1608838398163157,正常
2026-04-28,SACB34,龙旗科技创新精选1号,风格类,双创指增,2026-04-24,2.2091,0.0050957732380907395,0.09768944099378873,0.1833619027212341,正常
2026-04-28,SBHP32,正仁择时量选听涛二号,风格类,灵活方向择时,2026-04-27,1.40067672,-0.005726668050073824,0.18273037020633187,0.4450394305168679,正常
2026-04-28,AEU46B,旌安思源1号B类,绝对收益,短线择时,2026-04-27,1.224,0.005586592178770777,0.005421389847215297,0.010985380358470298,正常
2026-04-28,SBDC67,创世纪顾锝灵活多策略1号,绝对收益,趋势策略,2026-04-27,1.0154,-0.01722802942315116,0.0038556599110233236,-0.02608862459236516,正常
2026-04-28,SCJ476,立心-私募学院菁英353号,绝对收益,主线择时,2026-04-27,6.53505788,0.020287639722841755,0.03306366621559942,0.052386412081247835,正常
2026-04-28,VB166A,翔云50二号A类,绝对收益,大盘择时,2026-04-27,2.0536,-0.007730962504831851,0.015678322370047848,0.0411681200567835,正常
2026-04-28,SQX078,特夫郁金香全量化,绝对收益,量化打板,2026-04-27,2.69626999,0.0009520194287901962,0.03199842750824078,0.032045130213312234,正常
2026-04-28,SJD168,玉数涵瑞六号,绝对收益,300中性T0,2026-04-24,1.69855671,0.0029191738021625557,0.03589937156336931,0.10737099943229667,正常
2026-04-28,SVZ009,铭跃行远均衡一号,商品类,量化时序CTA,2026-04-24,1.27928419,-0.0019880677707234673,-0.02995169034504508,0.009378570726739754,正常
2026-04-28,SXJ836,碳硅1号,商品类,化工主观,2026-04-24,1.54659112,-0.0048523666909858765,-0.0033088647240633318,-0.031061522928303997,正常
2026-04-28,SZM385,涌泉君安三号,商品类,黑色主观,2026-04-24,1.43554096,-0.0019182646179517482,0.014444887287117458,0.09675373214149285,正常
2026-04-28,SSR379,海鹏扬帆,商品类,农产品主观,2026-04-24,2.77990232,0.01553062819224138,0.0008503386451108597,0.05371530955868198,正常
2026-04-28,SVZ638,格林基金鲲鹏6号,多策略,黄金大类,2026-04-24,8.5115,-0.024056046690286936,0.0729232320685742,0.05158141833456886,正常
2026-04-28,SARZ77,波克宏观配置1号,多策略,宏观大类,2026-04-24,1.51022177,0.005844778382494864,0.03786816540128113,0.13193057262779195,正常
2026-04-28,SAST37,国联证券陆联1号FOF,FOF组合类,低波私募FOF,2026-04-22,1.0899,0.004979253112033177,0.007394398742952113,0.020096748300519884,正常
2026-04-28,SATW62,顽岩量化选股1号,量选类,量化选股,2026-04-24,2.0071,0.011388259007306667,0.08152818191615485,0.16414361115944542,正常
2026-04-28,SARD76,正仁股票择时一期,量选类,股票择时,2026-04-27,1.3462015,-0.004417402900483314,0.017721734685183677,0.059750846256789725,正常
2026-04-28,SXG834,正仁双创择时一号,风格类,双创择时,2026-04-27,1.67625922,-0.00523299460424731,0.12514092543310396,0.14357976531586836,正常
2026-04-28,SZC020,瀚鑫纸鸢量化优选,风格类,微盘择时,2026-04-17,2.644,-0.0003780718336483524,-0.020740740740740726,0.01497120921305184,正常
2026-04-28,SAJJ91,积沐领航者,风格类,1000指增,2026-04-27,2.0184,-0.005077142997979012,0.06816257408975468,0.1295539761598301,正常
2026-04-28,SBCA75,太衍光年中证2000指数增强2号,风格类,2000指增T0,2026-04-27,1.2308,-0.0033201068912463993,0.07927043142756918,0.16189936750684408,正常
2026-04-28,SSV122,时间序列红利增强1号,风格类,红利指增,2026-04-24,1.4088,-0.0017714164245730135,0.009096769572380259,0.039704797047970475,正常
2026-04-28,SLQ349,赢仕安盈二号,风格类,转债集中,2026-04-27,1.94150471,0.000994614502209723,0.04744145686404044,0.07905026355662326,正常
2026-04-28,STE836,具力芒种1号,风格类,转债分散,2026-04-24,1.65190185,-0.00436571193407298,0.048077771432963434,0.039442543542189235,正常
2026-04-28,SGN799,玉数纯阿尔法一号,风格类,300指增T0,2026-04-24,1.48285301,0.0070050835232911,0.0825252706373385,0.16457662818944496,正常
2026-04-28,SNY231,玉数顺利一号,风格类,500指增T0,2026-04-24,1.8935008,0.013606658601212462,0.09411537157716898,0.1748469318111312,正常
2026-04-28,SZB966,玉数涵瑞专享十七号,风格类,1000指增T0,2026-04-24,1.71903679,-0.009026377435385147,0.08835418392350158,0.1608838398163157,正常
2026-04-28,SACB34,龙旗科技创新精选1号,风格类,双创指增,2026-04-24,2.2091,0.0050957732380907395,0.09768944099378873,0.1833619027212341,正常
2026-04-28,SBHP32,正仁择时量选听涛二号,风格类,灵活方向择时,2026-04-27,1.40067672,-0.005726668050073824,0.18273037020633187,0.4450394305168679,正常
2026-04-28,AEU46B,旌安思源1号B类,绝对收益,短线择时,2026-04-27,1.224,0.005586592178770777,0.005421389847215297,0.010985380358470298,正常
2026-04-28,SBDC67,创世纪顾锝灵活多策略1号,绝对收益,趋势策略,2026-04-27,1.0154,-0.01722802942315116,0.0038556599110233236,-0.02608862459236516,正常
2026-04-28,SCJ476,立心-私募学院菁英353号,绝对收益,主线择时,2026-04-27,6.53505788,0.020287639722841755,0.03306366621559942,0.052386412081247835,正常
2026-04-28,VB166A,翔云50二号A类,绝对收益,大盘择时,2026-04-27,2.0536,-0.007730962504831851,0.015678322370047848,0.0411681200567835,正常
2026-04-28,SQX078,特夫郁金香全量化,绝对收益,量化打板,2026-04-27,2.69626999,0.0009520194287901962,0.03199842750824078,0.032045130213312234,正常
2026-04-28,SJD168,玉数涵瑞六号,绝对收益,300中性T0,2026-04-24,1.69855671,0.0029191738021625557,0.03589937156336931,0.10737099943229667,正常
2026-04-28,SVZ009,铭跃行远均衡一号,商品类,量化时序CTA,2026-04-24,1.27928419,-0.0019880677707234673,-0.02995169034504508,0.009378570726739754,正常
2026-04-28,SXJ836,碳硅1号,商品类,化工主观,2026-04-24,1.54659112,-0.0048523666909858765,-0.0033088647240633318,-0.031061522928303997,正常
2026-04-28,SZM385,涌泉君安三号,商品类,黑色主观,2026-04-24,1.43554096,-0.0019182646179517482,0.014444887287117458,0.09675373214149285,正常
2026-04-28,SSR379,海鹏扬帆,商品类,农产品主观,2026-04-24,2.77990232,0.01553062819224138,0.0008503386451108597,0.05371530955868198,正常
2026-04-28,SVZ638,格林基金鲲鹏6号,多策略,黄金大类,2026-04-24,8.5115,-0.024056046690286936,0.0729232320685742,0.05158141833456886,正常
2026-04-28,SARZ77,波克宏观配置1号,多策略,宏观大类,2026-04-24,1.51022177,0.005844778382494864,0.03786816540128113,0.13193057262779195,正常
2026-04-28,SAST37,国联证券陆联1号FOF,FOF组合类,低波私募FOF,2026-04-22,1.0899,0.004979253112033177,0.007394398742952113,0.020096748300519884,正常
2026-04-28,SATW62,顽岩量化选股1号,量选类,量化选股,2026-04-24,2.0071,0.011388259007306667,0.08152818191615485,0.16414361115944542,正常
2026-04-28,SARD76,正仁股票择时一期,量选类,股票择时,2026-04-27,1.3462015,-0.004417402900483314,0.017721734685183677,0.059750846256789725,正常
2026-04-28,SXG834,正仁双创择时一号,风格类,双创择时,2026-04-27,1.67625922,-0.00523299460424731,0.12514092543310396,0.14357976531586836,正常
2026-04-28,SZC020,瀚鑫纸鸢量化优选,风格类,微盘择时,2026-04-24,2.652,0.00302571860816947,0.021178282633808276,0.01804222648752396,正常
2026-04-28,SAJJ91,积沐领航者,风格类,1000指增,2026-04-27,2.0184,-0.005077142997979012,0.06816257408975468,0.1295539761598301,正常
2026-04-28,SBCA75,太衍光年中证2000指数增强2号,风格类,2000指增T0,2026-04-27,1.2308,-0.0033201068912463993,0.07927043142756918,0.16189936750684408,正常
2026-04-28,SSV122,时间序列红利增强1号,风格类,红利指增,2026-04-24,1.4088,-0.0017714164245730135,0.009096769572380259,0.039704797047970475,正常
2026-04-28,SLQ349,赢仕安盈二号,风格类,转债集中,2026-04-27,1.94150471,0.000994614502209723,0.04744145686404044,0.07905026355662326,正常
2026-04-28,STE836,具力芒种1号,风格类,转债分散,2026-04-24,1.65190185,-0.00436571193407298,0.048077771432963434,0.039442543542189235,正常
2026-04-28,SGN799,玉数纯阿尔法一号,风格类,300指增T0,2026-04-24,1.48285301,0.0070050835232911,0.0825252706373385,0.16457662818944496,正常
2026-04-28,SNY231,玉数顺利一号,风格类,500指增T0,2026-04-24,1.8935008,0.013606658601212462,0.09411537157716898,0.1748469318111312,正常
2026-04-28,SZB966,玉数涵瑞专享十七号,风格类,1000指增T0,2026-04-24,1.71903679,-0.009026377435385147,0.08835418392350158,0.1608838398163157,正常
2026-04-28,SACB34,龙旗科技创新精选1号,风格类,双创指增,2026-04-24,2.2091,0.0050957732380907395,0.09768944099378873,0.1833619027212341,正常
2026-04-28,SBHP32,正仁择时量选听涛二号,风格类,灵活方向择时,2026-04-27,1.40067672,-0.005726668050073824,0.18273037020633187,0.4450394305168679,正常
2026-04-28,AEU46B,旌安思源1号B类,绝对收益,短线择时,2026-04-27,1.224,0.005586592178770777,0.005421389847215297,0.010985380358470298,正常
2026-04-28,SBDC67,创世纪顾锝灵活多策略1号,绝对收益,趋势策略,2026-04-27,1.0154,-0.01722802942315116,0.0038556599110233236,-0.02608862459236516,正常
2026-04-28,SCJ476,立心-私募学院菁英353号,绝对收益,主线择时,2026-04-27,6.53505788,0.020287639722841755,0.03306366621559942,0.052386412081247835,正常
2026-04-28,VB166A,翔云50二号A类,绝对收益,大盘择时,2026-04-27,2.0536,-0.007730962504831851,0.015678322370047848,0.0411681200567835,正常
2026-04-28,SQX078,特夫郁金香全量化,绝对收益,量化打板,2026-04-27,2.69626999,0.0009520194287901962,0.03199842750824078,0.032045130213312234,正常
2026-04-28,SJD168,玉数涵瑞六号,绝对收益,300中性T0,2026-04-24,1.69855671,0.0029191738021625557,0.03589937156336931,0.10737099943229667,正常
2026-04-28,SVZ009,铭跃行远均衡一号,商品类,量化时序CTA,2026-04-24,1.27928419,-0.0019880677707234673,-0.02995169034504508,0.009378570726739754,正常
2026-04-28,SXJ836,碳硅1号,商品类,化工主观,2026-04-27,1.54161713,-0.006000412747681261,-0.0130457120827433,-0.03417772489871873,正常
2026-04-28,SZM385,涌泉君安三号,商品类,黑色主观,2026-04-24,1.43554096,-0.0019182646179517482,0.014444887287117458,0.09675373214149285,正常
2026-04-28,SSR379,海鹏扬帆,商品类,农产品主观,2026-04-24,2.77990232,0.01553062819224138,0.0008503386451108597,0.05371530955868198,正常
2026-04-28,SVZ638,格林基金鲲鹏6号,多策略,黄金大类,2026-04-24,8.5115,-0.024056046690286936,0.0729232320685742,0.05158141833456886,正常
2026-04-28,SARZ77,波克宏观配置1号,多策略,宏观大类,2026-04-24,1.51022177,0.005844778382494864,0.03786816540128113,0.13193057262779195,正常
2026-04-28,SAST37,国联证券陆联1号FOF,FOF组合类,低波私募FOF,2026-04-22,1.0899,0.004979253112033177,0.007394398742952113,0.020096748300519884,正常
2026-04-28,SATW62,顽岩量化选股1号,量选类,量化选股,2026-04-24,2.0071,0.011388259007306667,0.08152818191615485,0.16414361115944542,正常
2026-04-28,SARD76,正仁股票择时一期,量选类,股票择时,2026-04-27,1.3462015,-0.004417402900483314,0.017721734685183677,0.059750846256789725,正常
2026-04-28,SXG834,正仁双创择时一号,风格类,双创择时,2026-04-27,1.67625922,-0.00523299460424731,0.12514092543310396,0.14357976531586836,正常
2026-04-28,SZC020,瀚鑫纸鸢量化优选,风格类,微盘择时,2026-04-24,2.652,0.00302571860816947,0.021178282633808276,0.01804222648752396,正常
2026-04-28,SAJJ91,积沐领航者,风格类,1000指增,2026-04-27,2.0184,-0.005077142997979012,0.06816257408975468,0.1295539761598301,正常
2026-04-28,SBCA75,太衍光年中证2000指数增强2号,风格类,2000指增T0,2026-04-27,1.2308,-0.0033201068912463993,0.07927043142756918,0.16189936750684408,正常
2026-04-28,SSV122,时间序列红利增强1号,风格类,红利指增,2026-04-27,1.4028,-0.007499646243101732,0.005591397849462387,0.03527675276752773,正常
2026-04-28,SLQ349,赢仕安盈二号,风格类,转债集中,2026-04-27,1.94150471,0.000994614502209723,0.04744145686404044,0.07905026355662326,正常
2026-04-28,STE836,具力芒种1号,风格类,转债分散,2026-04-24,1.65190185,-0.00436571193407298,0.048077771432963434,0.039442543542189235,正常
2026-04-28,SGN799,玉数纯阿尔法一号,风格类,300指增T0,2026-04-24,1.48285301,0.0070050835232911,0.0825252706373385,0.16457662818944496,正常
2026-04-28,SNY231,玉数顺利一号,风格类,500指增T0,2026-04-24,1.8935008,0.013606658601212462,0.09411537157716898,0.1748469318111312,正常
2026-04-28,SZB966,玉数涵瑞专享十七号,风格类,1000指增T0,2026-04-24,1.71903679,-0.009026377435385147,0.08835418392350158,0.1608838398163157,正常
2026-04-28,SACB34,龙旗科技创新精选1号,风格类,双创指增,2026-04-24,2.2091,0.0050957732380907395,0.09768944099378873,0.1833619027212341,正常
2026-04-28,SBHP32,正仁择时量选听涛二号,风格类,灵活方向择时,2026-04-27,1.40067672,-0.005726668050073824,0.18273037020633187,0.4450394305168679,正常
2026-04-28,AEU46B,旌安思源1号B类,绝对收益,短线择时,2026-04-27,1.224,0.005586592178770777,0.005421389847215297,0.010985380358470298,正常
2026-04-28,SBDC67,创世纪顾锝灵活多策略1号,绝对收益,趋势策略,2026-04-27,1.0154,-0.01722802942315116,0.0038556599110233236,-0.02608862459236516,正常
2026-04-28,SCJ476,立心-私募学院菁英353号,绝对收益,主线择时,2026-04-27,6.53505788,0.020287639722841755,0.03306366621559942,0.052386412081247835,正常
2026-04-28,VB166A,翔云50二号A类,绝对收益,大盘择时,2026-04-27,2.0536,-0.007730962504831851,0.015678322370047848,0.0411681200567835,正常
2026-04-28,SQX078,特夫郁金香全量化,绝对收益,量化打板,2026-04-27,2.69626999,0.0009520194287901962,0.03199842750824078,0.032045130213312234,正常
2026-04-28,SJD168,玉数涵瑞六号,绝对收益,300中性T0,2026-04-24,1.69855671,0.0029191738021625557,0.03589937156336931,0.10737099943229667,正常
2026-04-28,SVZ009,铭跃行远均衡一号,商品类,量化时序CTA,2026-04-24,1.27928419,-0.0019880677707234673,-0.02995169034504508,0.009378570726739754,正常
2026-04-28,SXJ836,碳硅1号,商品类,化工主观,2026-04-27,1.54161713,-0.006000412747681261,-0.0130457120827433,-0.03417772489871873,正常
2026-04-28,SZM385,涌泉君安三号,商品类,黑色主观,2026-04-24,1.43554096,-0.0019182646179517482,0.014444887287117458,0.09675373214149285,正常
2026-04-28,SSR379,海鹏扬帆,商品类,农产品主观,2026-04-24,2.77990232,0.01553062819224138,0.0008503386451108597,0.05371530955868198,正常
2026-04-28,SVZ638,格林基金鲲鹏6号,多策略,黄金大类,2026-04-27,8.4799,-0.038254774758426646,0.08289063697195687,0.04767729182110214,正常
2026-04-28,SARZ77,波克宏观配置1号,多策略,宏观大类,2026-04-24,1.51022177,0.005844778382494864,0.03786816540128113,0.13193057262779195,正常
2026-04-28,SAST37,国联证券陆联1号FOF,FOF组合类,低波私募FOF,2026-04-22,1.0899,0.004979253112033177,0.007394398742952113,0.020096748300519884,正常
2026-04-29,SATW62,顽岩量化选股1号,量选类,量化选股,2026-04-24,2.0071,0.011388259007306667,0.08152818191615485,0.16414361115944542,正常
2026-04-29,SARD76,正仁股票择时一期,量选类,股票择时,2026-04-27,1.3462015,-0.004417402900483314,0.017721734685183677,0.059750846256789725,正常
2026-04-29,SXG834,正仁双创择时一号,风格类,双创择时,2026-04-28,1.6583083,-0.009530380823658091,0.11309188522488656,0.13133326511120202,正常
2026-04-29,SZC020,瀚鑫纸鸢量化优选,风格类,微盘择时,2026-04-24,2.652,0.00302571860816947,0.021178282633808276,0.01804222648752396,正常
2026-04-29,SAJJ91,积沐领航者,风格类,1000指增,2026-04-27,2.0184,-0.005077142997979012,0.06816257408975468,0.1295539761598301,正常
2026-04-29,SBCA75,太衍光年中证2000指数增强2号,风格类,2000指增T0,2026-04-27,1.2308,-0.0033201068912463993,0.07927043142756918,0.16189936750684408,正常
2026-04-29,SSV122,时间序列红利增强1号,风格类,红利指增,2026-04-27,1.4028,-0.007499646243101732,0.005591397849462387,0.03527675276752773,正常
2026-04-29,SLQ349,赢仕安盈二号,风格类,转债集中,2026-04-27,1.94150471,0.000994614502209723,0.04744145686404044,0.07905026355662326,正常
2026-04-29,STE836,具力芒种1号,风格类,转债分散,2026-04-24,1.65190185,-0.00436571193407298,0.048077771432963434,0.039442543542189235,正常
2026-04-29,SGN799,玉数纯阿尔法一号,风格类,300指增T0,2026-04-24,1.48285301,0.0070050835232911,0.0825252706373385,0.16457662818944496,正常
2026-04-29,SNY231,玉数顺利一号,风格类,500指增T0,2026-04-24,1.8935008,0.013606658601212462,0.09411537157716898,0.1748469318111312,正常
2026-04-29,SZB966,玉数涵瑞专享十七号,风格类,1000指增T0,2026-04-24,1.71903679,-0.009026377435385147,0.08835418392350158,0.1608838398163157,正常
2026-04-29,SACB34,龙旗科技创新精选1号,风格类,双创指增,2026-04-24,2.2091,0.0050957732380907395,0.09768944099378873,0.1833619027212341,正常
2026-04-29,SBHP32,正仁择时量选听涛二号,风格类,灵活方向择时,2026-04-28,1.41157863,0.006216976768339322,0.19193593482102456,0.45628662952646226,正常
2026-04-29,AEU46B,旌安思源1号B类,绝对收益,短线择时,2026-04-27,1.224,0.005586592178770777,0.005421389847215297,0.010985380358470298,正常
2026-04-29,SBDC67,创世纪顾锝灵活多策略1号,绝对收益,趋势策略,2026-04-27,1.0154,-0.01722802942315116,0.0038556599110233236,-0.02608862459236516,正常
2026-04-29,SCJ476,立心-私募学院菁英353号,绝对收益,主线择时,2026-04-27,6.53505788,0.020287639722841755,0.03306366621559942,0.052386412081247835,正常
2026-04-29,VB166A,翔云50二号A类,绝对收益,大盘择时,2026-04-27,2.0536,-0.007730962504831851,0.015678322370047848,0.0411681200567835,正常
2026-04-29,SQX078,特夫郁金香全量化,绝对收益,量化打板,2026-04-27,2.69626999,0.0009520194287901962,0.03199842750824078,0.032045130213312234,正常
2026-04-29,SJD168,玉数涵瑞六号,绝对收益,300中性T0,2026-04-24,1.69855671,0.0029191738021625557,0.03589937156336931,0.10737099943229667,正常
2026-04-29,SVZ009,铭跃行远均衡一号,商品类,量化时序CTA,2026-04-24,1.27928419,-0.0019880677707234673,-0.02995169034504508,0.009378570726739754,正常
2026-04-29,SXJ836,碳硅1号,商品类,化工主观,2026-04-27,1.54161713,-0.006000412747681261,-0.0130457120827433,-0.03417772489871873,正常
2026-04-29,SZM385,涌泉君安三号,商品类,黑色主观,2026-04-24,1.43554096,-0.0019182646179517482,0.014444887287117458,0.09675373214149285,正常
2026-04-29,SSR379,海鹏扬帆,商品类,农产品主观,2026-04-24,2.77990232,0.01553062819224138,0.0008503386451108597,0.05371530955868198,正常
2026-04-29,SVZ638,格林基金鲲鹏6号,多策略,黄金大类,2026-04-27,8.4799,-0.038254774758426646,0.08289063697195687,0.04767729182110214,正常
2026-04-29,SARZ77,波克宏观配置1号,多策略,宏观大类,2026-04-24,1.51022177,0.005844778382494864,0.03786816540128113,0.13193057262779195,正常
2026-04-29,SAST37,国联证券陆联1号FOF,FOF组合类,低波私募FOF,2026-04-22,1.0899,0.004979253112033177,0.007394398742952113,0.020096748300519884,正常
2026-04-29,SATW62,顽岩量化选股1号,量选类,量化选股,2026-04-24,2.0071,0.011388259007306667,0.08152818191615485,0.16414361115944542,正常
2026-04-29,SAJJ91,积沐领航者,风格多头,1000指增,2026-04-28,1.9899,-0.016118665018541423,0.05308001693480113,0.11360456656779894,正常
2026-04-29,SBCA75,太衍光年中证2000指数增强2号,风格多头,2000指增T0,2026-04-28,1.2166,-0.014180374361883241,0.06681866011925619,0.14849428868120462,正常
2026-04-29,SSV122,时间序列红利增强1号,风格多头,红利指增,2026-04-28,1.4065,-0.010134421845309327,0.008243727598566286,0.03800738007380078,正常
2026-04-29,SLQ349,赢仕安盈二号,风格多头,转债集中,2026-04-28,1.92189193,-0.004828103022590957,0.03686036542988469,0.06814986485088004,正常
2026-04-29,STE836,具力芒种1号,风格多头,转债分散,2026-04-24,1.65190185,-0.00436571193407298,0.048077771432963434,0.039442543542189235,正常
2026-04-29,SGN799,玉数纯阿尔法一号,风格多头,300指增T0,2026-04-24,1.48285301,0.0070050835232911,0.0825252706373385,0.16457662818944496,正常
2026-04-29,SNY231,玉数顺利一号,风格多头,500指增T0,2026-04-24,1.8935008,0.013606658601212462,0.09411537157716898,0.1748469318111312,正常
2026-04-29,SZB966,玉数涵瑞专享十七号,风格多头,1000指增T0,2026-04-24,1.71903679,-0.009026377435385147,0.08835418392350158,0.1608838398163157,正常
2026-04-29,SACB34,龙旗科技创新精选1号,风格多头,双创指增,2026-04-24,2.2091,0.0050957732380907395,0.09768944099378873,0.1833619027212341,正常
2026-04-29,SARD76,正仁股票择时一期,绝对收益,股票择时,2026-04-28,1.3428205,-0.004012371478726129,0.015165715259435775,0.05708927025112187,正常
2026-04-29,SXG834,正仁双创择时一号,绝对收益,双创择时,2026-04-28,1.6583083,-0.009530380823658091,0.11309188522488656,0.13133326511120202,正常
2026-04-29,SZC020,瀚鑫纸鸢量化优选,绝对收益,微盘择时,2026-04-24,2.652,0.00302571860816947,0.021178282633808276,0.01804222648752396,正常
2026-04-29,SBHP32,正仁择时量选听涛二号,绝对收益,灵活方向择时,2026-04-28,1.41157863,0.006216976768339322,0.19193593482102456,0.45628662952646226,正常
2026-04-29,AEU46B,旌安思源1号B类,绝对收益,短线择时,2026-04-28,1.2265,0.0059050274747805,0.007474946607524124,0.013050301478483295,正常
2026-04-29,SBDC67,创世纪顾锝灵活多策略1号,绝对收益,趋势策略,2026-04-28,1.0141,-0.019340489314379705,0.0025704399406820677,-0.027335507385382707,正常
2026-04-29,SCJ476,立心-私募学院菁英353号,绝对收益,主线择时,2026-04-28,6.55107845,0.018895348945719315,0.03559620212927728,0.05496631733861279,正常
2026-04-29,VB166A,翔云50二号A类,绝对收益,大盘择时,2026-04-28,2.0583,-0.007043272709730375,0.01800286858895106,0.0435510038531739,正常
2026-04-29,SQX078,特夫郁金香全量化,绝对收益,量化打板,2026-04-28,2.69832156,-0.0005699072799779659,0.03278366675422717,0.032830404995008555,正常
2026-04-29,SJD168,玉数涵瑞六号,绝对收益,300中性T0,2026-04-24,1.69855671,0.0029191738021625557,0.03589937156336931,0.10737099943229667,正常
2026-04-29,SVZ009,铭跃行远均衡一号,商品类,量化时序CTA,2026-04-24,1.27928419,-0.0019880677707234673,-0.02995169034504508,0.009378570726739754,正常
2026-04-29,SXJ836,碳硅1号,商品类,化工主观,2026-04-27,1.54161713,-0.006000412747681261,-0.0130457120827433,-0.03417772489871873,正常
2026-04-29,SZM385,涌泉君安三号,商品类,黑色主观,2026-04-24,1.43554096,-0.0019182646179517482,0.014444887287117458,0.09675373214149285,正常
2026-04-29,SSR379,海鹏扬帆,商品类,农产品主观,2026-04-24,2.77990232,0.01553062819224138,0.0008503386451108597,0.05371530955868198,正常
2026-04-29,SVZ638,格林基金鲲鹏6号,多策略,黄金大类,2026-04-27,8.4799,-0.038254774758426646,0.08289063697195687,0.04767729182110214,正常
2026-04-29,SARZ77,波克宏观配置1号,多策略,宏观大类,2026-04-24,1.51022177,0.005844778382494864,0.03786816540128113,0.13193057262779195,正常
2026-04-29,SAST37,国联证券陆联1号FOF,FOF组合类,低波私募FOF,2026-04-22,1.0899,0.004979253112033177,0.007394398742952113,0.020096748300519884,正常
2026-04-29,SATW62,顽岩量化选股1号,量选类,量化选股,2026-04-24,2.0071,0.011388259007306667,0.08152818191615485,0.16414361115944542,正常
2026-04-29,SAJJ91,积沐领航者,风格多头,1000指增,2026-04-28,1.9899,-0.016118665018541423,0.05308001693480113,0.11360456656779894,正常
2026-04-29,SBCA75,太衍光年中证2000指数增强2号,风格多头,2000指增T0,2026-04-28,1.2166,-0.014180374361883241,0.06681866011925619,0.14849428868120462,正常
2026-04-29,SSV122,时间序列红利增强1号,风格多头,红利指增,2026-04-28,1.4065,-0.010134421845309327,0.008243727598566286,0.03800738007380078,正常
2026-04-29,SLQ349,赢仕安盈二号,风格多头,转债集中,2026-04-28,1.92189193,-0.004828103022590957,0.03686036542988469,0.06814986485088004,正常
2026-04-29,STE836,具力芒种1号,风格多头,转债分散,2026-04-24,1.65190185,-0.00436571193407298,0.048077771432963434,0.039442543542189235,正常
2026-04-29,SGN799,玉数纯阿尔法一号,风格多头,300指增T0,2026-04-24,1.48285301,0.0070050835232911,0.0825252706373385,0.16457662818944496,正常
2026-04-29,SNY231,玉数顺利一号,风格多头,500指增T0,2026-04-24,1.8935008,0.013606658601212462,0.09411537157716898,0.1748469318111312,正常
2026-04-29,SZB966,玉数涵瑞专享十七号,风格多头,1000指增T0,2026-04-24,1.71903679,-0.009026377435385147,0.08835418392350158,0.1608838398163157,正常
2026-04-29,SACB34,龙旗科技创新精选1号,风格多头,双创指增,2026-04-24,2.2091,0.0050957732380907395,0.09768944099378873,0.1833619027212341,正常
2026-04-29,SARD76,正仁股票择时一期,绝对收益,股票择时,2026-04-28,1.3428205,-0.004012371478726129,0.015165715259435775,0.05708927025112187,正常
2026-04-29,SXG834,正仁双创择时一号,绝对收益,双创择时,2026-04-28,1.6583083,-0.009530380823658091,0.11309188522488656,0.13133326511120202,正常
2026-04-29,SZC020,瀚鑫纸鸢量化优选,绝对收益,微盘择时,2026-04-24,2.652,0.00302571860816947,0.021178282633808276,0.01804222648752396,正常
2026-04-29,SBHP32,正仁择时量选听涛二号,绝对收益,灵活方向择时,2026-04-28,1.41157863,0.006216976768339322,0.19193593482102456,0.45628662952646226,正常
2026-04-29,AEU46B,旌安思源1号B类,绝对收益,短线择时,2026-04-28,1.2265,0.0059050274747805,0.007474946607524124,0.013050301478483295,正常
2026-04-29,SBDC67,创世纪顾锝灵活多策略1号,绝对收益,趋势策略,2026-04-28,1.0141,-0.019340489314379705,0.0025704399406820677,-0.027335507385382707,正常
2026-04-29,SCJ476,立心-私募学院菁英353号,绝对收益,主线择时,2026-04-28,6.55107845,0.018895348945719315,0.03559620212927728,0.05496631733861279,正常
2026-04-29,VB166A,翔云50二号A类,绝对收益,大盘择时,2026-04-28,2.0583,-0.007043272709730375,0.01800286858895106,0.0435510038531739,正常
2026-04-29,SQX078,特夫郁金香全量化,绝对收益,量化打板,2026-04-28,2.69832156,-0.0005699072799779659,0.03278366675422717,0.032830404995008555,正常
2026-04-29,SJD168,玉数涵瑞六号,绝对收益,300中性T0,2026-04-24,1.69855671,0.0029191738021625557,0.03589937156336931,0.10737099943229667,正常
2026-04-29,SVZ009,铭跃行远均衡一号,商品类,量化时序CTA,2026-04-24,1.27928419,-0.0019880677707234673,-0.02995169034504508,0.009378570726739754,正常
2026-04-29,SXJ836,碳硅1号,商品类,化工主观,2026-04-28,1.54257984,-0.0019723886805859125,-0.012429378270650271,-0.033574587618800944,正常
2026-04-29,SZM385,涌泉君安三号,商品类,黑色主观,2026-04-24,1.43554096,-0.0019182646179517482,0.014444887287117458,0.09675373214149285,正常
2026-04-29,SSR379,海鹏扬帆,商品类,农产品主观,2026-04-24,2.77990232,0.01553062819224138,0.0008503386451108597,0.05371530955868198,正常
2026-04-29,SVZ638,格林基金鲲鹏6号,多策略,黄金大类,2026-04-28,8.3995,-0.04220260901295392,0.07262348674464936,0.03774400790709165,正常
2026-04-29,SARZ77,波克宏观配置1号,多策略,宏观大类,2026-04-24,1.51022177,0.005844778382494864,0.03786816540128113,0.13193057262779195,正常
2026-04-29,SAST37,国联证券陆联1号FOF,FOF组合类,低波私募FOF,2026-04-22,1.0899,0.004979253112033177,0.007394398742952113,0.020096748300519884,正常
2026-04-30,SATW62,顽岩量化选股1号,量选类,量化选股,2026-04-24,2.0071,0.011388259007306667,0.08152818191615485,0.16414361115944542,正常
2026-04-30,SAJJ91,积沐领航者,风格多头,1000指增,2026-04-28,1.9899,-0.016118665018541423,0.05308001693480113,0.11360456656779894,正常
2026-04-30,SBCA75,太衍光年中证2000指数增强2号,风格多头,2000指增T0,2026-04-28,1.2166,-0.014180374361883241,0.06681866011925619,0.14849428868120462,正常
2026-04-30,SSV122,时间序列红利增强1号,风格多头,红利指增,2026-04-28,1.4065,-0.010134421845309327,0.008243727598566286,0.03800738007380078,正常
2026-04-30,SLQ349,赢仕安盈二号,风格多头,转债集中,2026-04-28,1.92189193,-0.004828103022590957,0.03686036542988469,0.06814986485088004,正常
2026-04-30,STE836,具力芒种1号,风格多头,转债分散,2026-04-24,1.65190185,-0.00436571193407298,0.048077771432963434,0.039442543542189235,正常
2026-04-30,SGN799,玉数纯阿尔法一号,风格多头,300指增T0,2026-04-24,1.48285301,0.0070050835232911,0.0825252706373385,0.16457662818944496,正常
2026-04-30,SNY231,玉数顺利一号,风格多头,500指增T0,2026-04-24,1.8935008,0.013606658601212462,0.09411537157716898,0.1748469318111312,正常
2026-04-30,SZB966,玉数涵瑞专享十七号,风格多头,1000指增T0,2026-04-24,1.71903679,-0.009026377435385147,0.08835418392350158,0.1608838398163157,正常
2026-04-30,SACB34,龙旗科技创新精选1号,风格多头,双创指增,2026-04-24,2.2091,0.0050957732380907395,0.09768944099378873,0.1833619027212341,正常
2026-04-30,SARD76,正仁股票择时一期,绝对收益,股票择时,2026-04-28,1.3428205,-0.004012371478726129,0.015165715259435775,0.05708927025112187,正常
2026-04-30,SXG834,正仁双创择时一号,绝对收益,双创择时,2026-04-28,1.6583083,-0.009530380823658091,0.11309188522488656,0.13133326511120202,正常
2026-04-30,SZC020,瀚鑫纸鸢量化优选,绝对收益,微盘择时,2026-04-24,2.652,0.00302571860816947,0.021178282633808276,0.01804222648752396,正常
2026-04-30,SBHP32,正仁择时量选听涛二号,绝对收益,灵活方向择时,2026-04-28,1.41157863,0.006216976768339322,0.19193593482102456,0.45628662952646226,正常
2026-04-30,AEU46B,旌安思源1号B类,绝对收益,短线择时,2026-04-28,1.2265,0.0059050274747805,0.007474946607524124,0.013050301478483295,正常
2026-04-30,SBDC67,创世纪顾锝灵活多策略1号,绝对收益,趋势策略,2026-04-28,1.0141,-0.019340489314379705,0.0025704399406820677,-0.027335507385382707,正常
2026-04-30,SCJ476,立心-私募学院菁英353号,绝对收益,主线择时,2026-04-28,6.55107845,0.018895348945719315,0.03559620212927728,0.05496631733861279,正常
2026-04-30,VB166A,翔云50二号A类,绝对收益,大盘择时,2026-04-28,2.0583,-0.007043272709730375,0.01800286858895106,0.0435510038531739,正常
2026-04-30,SQX078,特夫郁金香全量化,绝对收益,量化打板,2026-04-28,2.69832156,-0.0005699072799779659,0.03278366675422717,0.032830404995008555,正常
2026-04-30,SJD168,玉数涵瑞六号,绝对收益,300中性T0,2026-04-24,1.69855671,0.0029191738021625557,0.03589937156336931,0.10737099943229667,正常
2026-04-30,SVZ009,铭跃行远均衡一号,商品类,量化时序CTA,2026-04-24,1.27928419,-0.0019880677707234673,-0.02995169034504508,0.009378570726739754,正常
2026-04-30,SXJ836,碳硅1号,商品类,化工主观,2026-04-28,1.54257984,-0.0019723886805859125,-0.012429378270650271,-0.033574587618800944,正常
2026-04-30,SZM385,涌泉君安三号,商品类,黑色主观,2026-04-24,1.43554096,-0.0019182646179517482,0.014444887287117458,0.09675373214149285,正常
2026-04-30,SSR379,海鹏扬帆,商品类,农产品主观,2026-04-24,2.77990232,0.01553062819224138,0.0008503386451108597,0.05371530955868198,正常
2026-04-30,SVZ638,格林基金鲲鹏6号,多策略,黄金大类,2026-04-28,8.3995,-0.04220260901295392,0.07262348674464936,0.03774400790709165,正常
2026-04-30,SARZ77,波克宏观配置1号,多策略,宏观大类,2026-04-24,1.51022177,0.005844778382494864,0.03786816540128113,0.13193057262779195,正常
2026-04-30,SAST37,国联证券陆联1号FOF,FOF组合类,低波私募FOF,2026-04-27,1.08845,-0.0008720396548559384,0.002806429964056889,0.018739614357005774,正常
2026-04-30,SATW62,顽岩量化选股1号,量选类,量化选股,2026-04-24,2.0071,0.011388259007306667,0.08152818191615485,0.16414361115944542,正常
2026-04-30,SAJJ91,积沐领航者,风格多头,1000指增,2026-04-29,2.0178,-0.012624779800352481,0.062000000000000055,0.12921819911578702,正常
2026-04-30,SBCA75,太衍光年中证2000指数增强2号,风格多头,2000指增T0,2026-04-29,1.233,-0.00995664043680744,0.07591623036649242,0.16397621070518276,正常
2026-04-30,SSV122,时间序列红利增强1号,风格多头,红利指增,2026-04-29,1.4138,-0.0040154984149348705,0.008128921848260084,0.04339483394833943,正常
2026-04-30,SLQ349,赢仕安盈二号,风格多头,转债集中,2026-04-29,1.94166547,-0.0030540657394564352,0.05845236945865828,0.0791396108136635,正常
2026-04-30,STE836,具力芒种1号,风格多头,转债分散,2026-04-24,1.65190185,-0.00436571193407298,0.048077771432963434,0.039442543542189235,正常
2026-04-30,SGN799,玉数纯阿尔法一号,风格多头,300指增T0,2026-04-24,1.48285301,0.0070050835232911,0.0825252706373385,0.16457662818944496,正常
2026-04-30,SNY231,玉数顺利一号,风格多头,500指增T0,2026-04-24,1.8935008,0.013606658601212462,0.09411537157716898,0.1748469318111312,正常
2026-04-30,SZB966,玉数涵瑞专享十七号,风格多头,1000指增T0,2026-04-24,1.71903679,-0.009026377435385147,0.08835418392350158,0.1608838398163157,正常
2026-04-30,SACB34,龙旗科技创新精选1号,风格多头,双创指增,2026-04-24,2.2091,0.0050957732380907395,0.09768944099378873,0.1833619027212341,正常
2026-04-30,SARD76,正仁股票择时一期,绝对收益,股票择时,2026-04-29,1.3420316,-0.008162585373979625,0.014915196454444724,0.05646823584979943,正常
2026-04-30,SXG834,正仁双创择时一号,绝对收益,双创择时,2026-04-29,1.67227013,-0.013927573924380598,0.12143611757796102,0.14085832310001356,正常
2026-04-30,SZC020,瀚鑫纸鸢量化优选,绝对收益,微盘择时,2026-04-24,2.652,0.00302571860816947,0.021178282633808276,0.01804222648752396,正常
2026-04-30,SBHP32,正仁择时量选听涛二号,绝对收益,灵活方向择时,2026-04-29,1.39762419,-0.01800076862453215,0.1850619305393093,0.44189021974620846,正常
2026-04-30,AEU46B,旌安思源1号B类,绝对收益,短线择时,2026-04-29,1.2277,0.003925096083081225,0.009870856296783748,0.014041463616089711,正常
2026-04-30,SBDC67,创世纪顾锝灵活多策略1号,绝对收益,趋势策略,2026-04-29,1.0185,-0.01859703218346509,0.013432835820895495,-0.023115288701323622,正常
2026-04-30,SCJ476,立心-私募学院菁英353号,绝对收益,主线择时,2026-04-29,6.61293565,0.02032408616429282,0.039524309235859034,0.06492761805924108,正常
2026-04-30,VB166A,翔云50二号A类,绝对收益,大盘择时,2026-04-29,2.0697,-0.0037065562722633505,0.029547828682286337,0.04933076455080121,正常
2026-04-30,SQX078,特夫郁金香全量化,绝对收益,量化打板,2026-04-29,2.69729577,9.508203946007043e-05,0.03819958458171935,0.03243776569032186,正常
2026-04-30,SJD168,玉数涵瑞六号,绝对收益,300中性T0,2026-04-24,1.69855671,0.0029191738021625557,0.03589937156336931,0.10737099943229667,正常
2026-04-30,SVZ009,铭跃行远均衡一号,商品类,量化时序CTA,2026-04-24,1.27928419,-0.0019880677707234673,-0.02995169034504508,0.009378570726739754,正常
2026-04-30,SXJ836,碳硅1号,商品类,化工主观,2026-04-29,1.54723293,0.0018701328874226597,-0.01249359844984188,-0.030659429320027298,正常
2026-04-30,SZM385,涌泉君安三号,商品类,黑色主观,2026-04-24,1.43554096,-0.0019182646179517482,0.014444887287117458,0.09675373214149285,正常
2026-04-30,SSR379,海鹏扬帆,商品类,农产品主观,2026-04-24,2.77990232,0.01553062819224138,0.0008503386451108597,0.05371530955868198,正常
2026-04-30,SVZ638,格林基金鲲鹏6号,多策略,黄金大类,2026-04-28,8.3995,-0.04220260901295392,0.07262348674464936,0.03774400790709165,正常
2026-04-30,SARZ77,波克宏观配置1号,多策略,宏观大类,2026-04-24,1.51022177,0.005844778382494864,0.03786816540128113,0.13193057262779195,正常
2026-04-30,SAST37,国联证券陆联1号FOF,FOF组合类,低波私募FOF,2026-04-27,1.08845,-0.0008720396548559384,0.002806429964056889,0.018739614357005774,正常
2026-05-01,SATW62,顽岩量化选股1号,量选类,量化选股,2026-04-24,2.0071,0.011388259007306667,0.08152818191615485,0.16414361115944542,正常
2026-05-01,SAJJ91,积沐领航者,风格多头,1000指增,2026-04-29,2.0178,-0.012624779800352481,0.062000000000000055,0.12921819911578702,正常
2026-05-01,SBCA75,太衍光年中证2000指数增强2号,风格多头,2000指增T0,2026-04-29,1.233,-0.00995664043680744,0.07591623036649242,0.16397621070518276,正常
2026-05-01,SSV122,时间序列红利增强1号,风格多头,红利指增,2026-04-29,1.4138,-0.0040154984149348705,0.008128921848260084,0.04339483394833943,正常
2026-05-01,SLQ349,赢仕安盈二号,风格多头,转债集中,2026-04-29,1.94166547,-0.0030540657394564352,0.05845236945865828,0.0791396108136635,正常
2026-05-01,STE836,具力芒种1号,风格多头,转债分散,2026-04-24,1.65190185,-0.00436571193407298,0.048077771432963434,0.039442543542189235,正常
2026-05-01,SGN799,玉数纯阿尔法一号,风格多头,300指增T0,2026-04-24,1.48285301,0.0070050835232911,0.0825252706373385,0.16457662818944496,正常
2026-05-01,SNY231,玉数顺利一号,风格多头,500指增T0,2026-04-24,1.8935008,0.013606658601212462,0.09411537157716898,0.1748469318111312,正常
2026-05-01,SZB966,玉数涵瑞专享十七号,风格多头,1000指增T0,2026-04-24,1.71903679,-0.009026377435385147,0.08835418392350158,0.1608838398163157,正常
2026-05-01,SACB34,龙旗科技创新精选1号,风格多头,双创指增,2026-04-24,2.2091,0.0050957732380907395,0.09768944099378873,0.1833619027212341,正常
2026-05-01,SARD76,正仁股票择时一期,绝对收益,股票择时,2026-04-29,1.3420316,-0.008162585373979625,0.014915196454444724,0.05646823584979943,正常
2026-05-01,SXG834,正仁双创择时一号,绝对收益,双创择时,2026-04-29,1.67227013,-0.013927573924380598,0.12143611757796102,0.14085832310001356,正常
2026-05-01,SZC020,瀚鑫纸鸢量化优选,绝对收益,微盘择时,2026-04-24,2.652,0.00302571860816947,0.021178282633808276,0.01804222648752396,正常
2026-05-01,SBHP32,正仁择时量选听涛二号,绝对收益,灵活方向择时,2026-04-29,1.39762419,-0.01800076862453215,0.1850619305393093,0.44189021974620846,正常
2026-05-01,AEU46B,旌安思源1号B类,绝对收益,短线择时,2026-04-29,1.2277,0.003925096083081225,0.009870856296783748,0.014041463616089711,正常
2026-05-01,SBDC67,创世纪顾锝灵活多策略1号,绝对收益,趋势策略,2026-04-29,1.0185,-0.01859703218346509,0.013432835820895495,-0.023115288701323622,正常
2026-05-01,SCJ476,立心-私募学院菁英353号,绝对收益,主线择时,2026-04-29,6.61293565,0.02032408616429282,0.039524309235859034,0.06492761805924108,正常
2026-05-01,VB166A,翔云50二号A类,绝对收益,大盘择时,2026-04-29,2.0697,-0.0037065562722633505,0.029547828682286337,0.04933076455080121,正常
2026-05-01,SQX078,特夫郁金香全量化,绝对收益,量化打板,2026-04-29,2.69729577,9.508203946007043e-05,0.03819958458171935,0.03243776569032186,正常
2026-05-01,SJD168,玉数涵瑞六号,绝对收益,300中性T0,2026-04-24,1.69855671,0.0029191738021625557,0.03589937156336931,0.10737099943229667,正常
2026-05-01,SVZ009,铭跃行远均衡一号,商品类,量化时序CTA,2026-04-24,1.27928419,-0.0019880677707234673,-0.02995169034504508,0.009378570726739754,正常
2026-05-01,SXJ836,碳硅1号,商品类,化工主观,2026-04-29,1.54723293,0.0018701328874226597,-0.01249359844984188,-0.030659429320027298,正常
2026-05-01,SZM385,涌泉君安三号,商品类,黑色主观,2026-04-30,1.4259443,-0.008590488771466176,0.004893798449612463,0.08942188096875237,正常
2026-05-01,SSR379,海鹏扬帆,商品类,农产品主观,2026-04-24,2.77990232,0.01553062819224138,0.0008503386451108597,0.05371530955868198,正常
2026-05-01,SVZ638,格林基金鲲鹏6号,多策略,黄金大类,2026-04-28,8.3995,-0.04220260901295392,0.07262348674464936,0.03774400790709165,正常
2026-05-01,SARZ77,波克宏观配置1号,多策略,宏观大类,2026-04-30,1.50032369,-0.0007475859190820833,0.04210078338375123,0.12451183480737527,正常
2026-05-01,SAST37,国联证券陆联1号FOF,FOF组合类,低波私募FOF,2026-04-27,1.08845,-0.0008720396548559384,0.002806429964056889,0.018739614357005774,正常
2026-05-01,SATW62,顽岩量化选股1号,量选类,量化选股,2026-04-24,2.0071,0.011388259007306667,0.08152818191615485,0.16414361115944542,正常
2026-05-01,SAJJ91,积沐领航者,风格多头,1000指增,2026-04-29,2.0178,-0.012624779800352481,0.062000000000000055,0.12921819911578702,正常
2026-05-01,SBCA75,太衍光年中证2000指数增强2号,风格多头,2000指增T0,2026-04-29,1.233,-0.00995664043680744,0.07591623036649242,0.16397621070518276,正常
2026-05-01,SSV122,时间序列红利增强1号,风格多头,红利指增,2026-04-29,1.4138,-0.0040154984149348705,0.008128921848260084,0.04339483394833943,正常
2026-05-01,SLQ349,赢仕安盈二号,风格多头,转债集中,2026-04-29,1.94166547,-0.0030540657394564352,0.05845236945865828,0.0791396108136635,正常
2026-05-01,STE836,具力芒种1号,风格多头,转债分散,2026-04-24,1.65190185,-0.00436571193407298,0.048077771432963434,0.039442543542189235,正常
2026-05-01,SGN799,玉数纯阿尔法一号,风格多头,300指增T0,2026-04-24,1.48285301,0.0070050835232911,0.0825252706373385,0.16457662818944496,正常
2026-05-01,SNY231,玉数顺利一号,风格多头,500指增T0,2026-04-24,1.8935008,0.013606658601212462,0.09411537157716898,0.1748469318111312,正常
2026-05-01,SZB966,玉数涵瑞专享十七号,风格多头,1000指增T0,2026-04-24,1.71903679,-0.009026377435385147,0.08835418392350158,0.1608838398163157,正常
2026-05-01,SACB34,龙旗科技创新精选1号,风格多头,双创指增,2026-04-24,2.2091,0.0050957732380907395,0.09768944099378873,0.1833619027212341,正常
2026-05-01,SARD76,正仁股票择时一期,绝对收益,股票择时,2026-04-29,1.3420316,-0.008162585373979625,0.014915196454444724,0.05646823584979943,正常
2026-05-01,SXG834,正仁双创择时一号,绝对收益,双创择时,2026-04-29,1.67227013,-0.013927573924380598,0.12143611757796102,0.14085832310001356,正常
2026-05-01,SZC020,瀚鑫纸鸢量化优选,绝对收益,微盘择时,2026-04-24,2.652,0.00302571860816947,0.021178282633808276,0.01804222648752396,正常
2026-05-01,SBHP32,正仁择时量选听涛二号,绝对收益,灵活方向择时,2026-04-29,1.39762419,-0.01800076862453215,0.1850619305393093,0.44189021974620846,正常
2026-05-01,AEU46B,旌安思源1号B类,绝对收益,短线择时,2026-04-29,1.2277,0.003925096083081225,0.009870856296783748,0.014041463616089711,正常
2026-05-01,SBDC67,创世纪顾锝灵活多策略1号,绝对收益,趋势策略,2026-04-29,1.0185,-0.01859703218346509,0.013432835820895495,-0.023115288701323622,正常
2026-05-01,SCJ476,立心-私募学院菁英353号,绝对收益,主线择时,2026-04-29,6.61293565,0.02032408616429282,0.039524309235859034,0.06492761805924108,正常
2026-05-01,VB166A,翔云50二号A类,绝对收益,大盘择时,2026-04-29,2.0697,-0.0037065562722633505,0.029547828682286337,0.04933076455080121,正常
2026-05-01,SQX078,特夫郁金香全量化,绝对收益,量化打板,2026-04-29,2.69729577,9.508203946007043e-05,0.03819958458171935,0.03243776569032186,正常
2026-05-01,SJD168,玉数涵瑞六号,绝对收益,300中性T0,2026-04-24,1.69855671,0.0029191738021625557,0.03589937156336931,0.10737099943229667,正常
2026-05-01,SVZ009,铭跃行远均衡一号,商品类,量化时序CTA,2026-04-24,1.27928419,-0.0019880677707234673,-0.02995169034504508,0.009378570726739754,正常
2026-05-01,SXJ836,碳硅1号,商品类,化工主观,2026-04-29,1.54723293,0.0018701328874226597,-0.01249359844984188,-0.030659429320027298,正常
2026-05-01,SZM385,涌泉君安三号,商品类,黑色主观,2026-04-30,1.4259443,-0.008590488771466176,0.004893798449612463,0.08942188096875237,正常
2026-05-01,SSR379,海鹏扬帆,商品类,农产品主观,2026-04-24,2.77990232,0.01553062819224138,0.0008503386451108597,0.05371530955868198,正常
2026-05-01,SVZ638,格林基金鲲鹏6号,多策略,黄金大类,2026-04-28,8.3995,-0.04220260901295392,0.07262348674464936,0.03774400790709165,正常
2026-05-01,SARZ77,波克宏观配置1号,多策略,宏观大类,2026-04-30,1.50032369,-0.0007475859190820833,0.04210078338375123,0.12451183480737527,正常
2026-05-01,SAST37,国联证券陆联1号FOF,FOF组合类,低波私募FOF,2026-04-27,1.08845,-0.0008720396548559384,0.002806429964056889,0.018739614357005774,正常
2026-05-04,SATW62,顽岩量化选股1号,量选类,量化选股,2026-04-24,2.0071,0.011388259007306667,0.08152818191615485,0.16414361115944542,正常
2026-05-04,SAJJ91,积沐领航者,风格多头,1000指增,2026-04-29,2.0178,-0.012624779800352481,0.062000000000000055,0.12921819911578702,正常
2026-05-04,SBCA75,太衍光年中证2000指数增强2号,风格多头,2000指增T0,2026-04-29,1.233,-0.00995664043680744,0.07591623036649242,0.16397621070518276,正常
2026-05-04,SSV122,时间序列红利增强1号,风格多头,红利指增,2026-04-29,1.4138,-0.0040154984149348705,0.008128921848260084,0.04339483394833943,正常
2026-05-04,SLQ349,赢仕安盈二号,风格多头,转债集中,2026-04-29,1.94166547,-0.0030540657394564352,0.05845236945865828,0.0791396108136635,正常
2026-05-04,STE836,具力芒种1号,风格多头,转债分散,2026-04-24,1.65190185,-0.00436571193407298,0.048077771432963434,0.039442543542189235,正常
2026-05-04,SGN799,玉数纯阿尔法一号,风格多头,300指增T0,2026-04-24,1.48285301,0.0070050835232911,0.0825252706373385,0.16457662818944496,正常
2026-05-04,SNY231,玉数顺利一号,风格多头,500指增T0,2026-04-24,1.8935008,0.013606658601212462,0.09411537157716898,0.1748469318111312,正常
2026-05-04,SZB966,玉数涵瑞专享十七号,风格多头,1000指增T0,2026-04-24,1.71903679,-0.009026377435385147,0.08835418392350158,0.1608838398163157,正常
2026-05-04,SACB34,龙旗科技创新精选1号,风格多头,双创指增,2026-04-24,2.2091,0.0050957732380907395,0.09768944099378873,0.1833619027212341,正常
2026-05-04,SARD76,正仁股票择时一期,绝对收益,股票择时,2026-04-29,1.3420316,-0.008162585373979625,0.014915196454444724,0.05646823584979943,正常
2026-05-04,SXG834,正仁双创择时一号,绝对收益,双创择时,2026-04-29,1.67227013,-0.013927573924380598,0.12143611757796102,0.14085832310001356,正常
2026-05-04,SZC020,瀚鑫纸鸢量化优选,绝对收益,微盘择时,2026-04-24,2.652,0.00302571860816947,0.021178282633808276,0.01804222648752396,正常
2026-05-04,SBHP32,正仁择时量选听涛二号,绝对收益,灵活方向择时,2026-04-29,1.39762419,-0.01800076862453215,0.1850619305393093,0.44189021974620846,正常
2026-05-04,AEU46B,旌安思源1号B类,绝对收益,短线择时,2026-04-29,1.2277,0.003925096083081225,0.009870856296783748,0.014041463616089711,正常
2026-05-04,SBDC67,创世纪顾锝灵活多策略1号,绝对收益,趋势策略,2026-04-29,1.0185,-0.01859703218346509,0.013432835820895495,-0.023115288701323622,正常
2026-05-04,SCJ476,立心-私募学院菁英353号,绝对收益,主线择时,2026-04-29,6.61293565,0.02032408616429282,0.039524309235859034,0.06492761805924108,正常
2026-05-04,VB166A,翔云50二号A类,绝对收益,大盘择时,2026-04-29,2.0697,-0.0037065562722633505,0.029547828682286337,0.04933076455080121,正常
2026-05-04,SQX078,特夫郁金香全量化,绝对收益,量化打板,2026-04-29,2.69729577,9.508203946007043e-05,0.03819958458171935,0.03243776569032186,正常
2026-05-04,SJD168,玉数涵瑞六号,绝对收益,300中性T0,2026-04-24,1.69855671,0.0029191738021625557,0.03589937156336931,0.10737099943229667,正常
2026-05-04,SVZ009,铭跃行远均衡一号,商品类,量化时序CTA,2026-04-24,1.27928419,-0.0019880677707234673,-0.02995169034504508,0.009378570726739754,正常
2026-05-04,SXJ836,碳硅1号,商品类,化工主观,2026-04-29,1.54723293,0.0018701328874226597,-0.01249359844984188,-0.030659429320027298,正常
2026-05-04,SZM385,涌泉君安三号,商品类,黑色主观,2026-04-30,1.4259443,-0.008590488771466176,0.004893798449612463,0.08942188096875237,正常
2026-05-04,SSR379,海鹏扬帆,商品类,农产品主观,2026-04-24,2.77990232,0.01553062819224138,0.0008503386451108597,0.05371530955868198,正常
2026-05-04,SVZ638,格林基金鲲鹏6号,多策略,黄金大类,2026-04-28,8.3995,-0.04220260901295392,0.07262348674464936,0.03774400790709165,正常
2026-05-04,SARZ77,波克宏观配置1号,多策略,宏观大类,2026-04-30,1.50032369,-0.0007475859190820833,0.04210078338375123,0.12451183480737527,正常
2026-05-04,SAST37,国联证券陆联1号FOF,FOF组合类,低波私募FOF,2026-04-27,1.08845,-0.0008720396548559384,0.002806429964056889,0.018739614357005774,正常
2026-05-04,SATW62,顽岩量化选股1号,量选类,量化选股,2026-04-24,2.0071,0.011388259007306667,0.08152818191615485,0.16414361115944542,正常
2026-05-04,SAJJ91,积沐领航者,风格多头,1000指增,2026-04-29,2.0178,-0.012624779800352481,0.062000000000000055,0.12921819911578702,正常
2026-05-04,SBCA75,太衍光年中证2000指数增强2号,风格多头,2000指增T0,2026-04-29,1.233,-0.00995664043680744,0.07591623036649242,0.16397621070518276,正常
2026-05-04,SSV122,时间序列红利增强1号,风格多头,红利指增,2026-04-29,1.4138,-0.0040154984149348705,0.008128921848260084,0.04339483394833943,正常
2026-05-04,SLQ349,赢仕安盈二号,风格多头,转债集中,2026-04-29,1.94166547,-0.0030540657394564352,0.05845236945865828,0.0791396108136635,正常
2026-05-04,STE836,具力芒种1号,风格多头,转债分散,2026-04-24,1.65190185,-0.00436571193407298,0.048077771432963434,0.039442543542189235,正常
2026-05-04,SGN799,玉数纯阿尔法一号,风格多头,300指增T0,2026-04-24,1.48285301,0.0070050835232911,0.0825252706373385,0.16457662818944496,正常
2026-05-04,SNY231,玉数顺利一号,风格多头,500指增T0,2026-04-24,1.8935008,0.013606658601212462,0.09411537157716898,0.1748469318111312,正常
2026-05-04,SZB966,玉数涵瑞专享十七号,风格多头,1000指增T0,2026-04-24,1.71903679,-0.009026377435385147,0.08835418392350158,0.1608838398163157,正常
2026-05-04,SACB34,龙旗科技创新精选1号,风格多头,双创指增,2026-04-24,2.2091,0.0050957732380907395,0.09768944099378873,0.1833619027212341,正常
2026-05-04,SARD76,正仁股票择时一期,绝对收益,股票择时,2026-04-29,1.3420316,-0.008162585373979625,0.014915196454444724,0.05646823584979943,正常
2026-05-04,SXG834,正仁双创择时一号,绝对收益,双创择时,2026-04-29,1.67227013,-0.013927573924380598,0.12143611757796102,0.14085832310001356,正常
2026-05-04,SZC020,瀚鑫纸鸢量化优选,绝对收益,微盘择时,2026-04-24,2.652,0.00302571860816947,0.021178282633808276,0.01804222648752396,正常
2026-05-04,SBHP32,正仁择时量选听涛二号,绝对收益,灵活方向择时,2026-04-29,1.39762419,-0.01800076862453215,0.1850619305393093,0.44189021974620846,正常
2026-05-04,AEU46B,旌安思源1号B类,绝对收益,短线择时,2026-04-29,1.2277,0.003925096083081225,0.009870856296783748,0.014041463616089711,正常
2026-05-04,SBDC67,创世纪顾锝灵活多策略1号,绝对收益,趋势策略,2026-04-29,1.0185,-0.01859703218346509,0.013432835820895495,-0.023115288701323622,正常
2026-05-04,SCJ476,立心-私募学院菁英353号,绝对收益,主线择时,2026-04-29,6.61293565,0.02032408616429282,0.039524309235859034,0.06492761805924108,正常
2026-05-04,VB166A,翔云50二号A类,绝对收益,大盘择时,2026-04-29,2.0697,-0.0037065562722633505,0.029547828682286337,0.04933076455080121,正常
2026-05-04,SQX078,特夫郁金香全量化,绝对收益,量化打板,2026-04-29,2.69729577,9.508203946007043e-05,0.03819958458171935,0.03243776569032186,正常
2026-05-04,SJD168,玉数涵瑞六号,绝对收益,300中性T0,2026-04-24,1.69855671,0.0029191738021625557,0.03589937156336931,0.10737099943229667,正常
2026-05-04,SVZ009,铭跃行远均衡一号,商品类,量化时序CTA,2026-04-24,1.27928419,-0.0019880677707234673,-0.02995169034504508,0.009378570726739754,正常
2026-05-04,SXJ836,碳硅1号,商品类,化工主观,2026-04-29,1.54723293,0.0018701328874226597,-0.01249359844984188,-0.030659429320027298,正常
2026-05-04,SZM385,涌泉君安三号,商品类,黑色主观,2026-04-30,1.4259443,-0.008590488771466176,0.004893798449612463,0.08942188096875237,正常
2026-05-04,SSR379,海鹏扬帆,商品类,农产品主观,2026-04-24,2.77990232,0.01553062819224138,0.0008503386451108597,0.05371530955868198,正常
2026-05-04,SVZ638,格林基金鲲鹏6号,多策略,黄金大类,2026-04-28,8.3995,-0.04220260901295392,0.07262348674464936,0.03774400790709165,正常
2026-05-04,SARZ77,波克宏观配置1号,多策略,宏观大类,2026-04-30,1.50032369,-0.0007475859190820833,0.04210078338375123,0.12451183480737527,正常
2026-05-04,SAST37,国联证券陆联1号FOF,FOF组合类,低波私募FOF,2026-04-27,1.08845,-0.0008720396548559384,0.002806429964056889,0.018739614357005774,正常
2026-05-05,SATW62,顽岩量化选股1号,量选类,量化选股,2026-04-24,2.0071,0.011388259007306667,0.08152818191615485,0.16414361115944542,正常
2026-05-05,SAJJ91,积沐领航者,风格多头,1000指增,2026-04-29,2.0178,-0.012624779800352481,0.062000000000000055,0.12921819911578702,正常
2026-05-05,SBCA75,太衍光年中证2000指数增强2号,风格多头,2000指增T0,2026-04-29,1.233,-0.00995664043680744,0.07591623036649242,0.16397621070518276,正常
2026-05-05,SSV122,时间序列红利增强1号,风格多头,红利指增,2026-04-29,1.4138,-0.0040154984149348705,0.008128921848260084,0.04339483394833943,正常
2026-05-05,SLQ349,赢仕安盈二号,风格多头,转债集中,2026-04-29,1.94166547,-0.0030540657394564352,0.05845236945865828,0.0791396108136635,正常
2026-05-05,STE836,具力芒种1号,风格多头,转债分散,2026-04-24,1.65190185,-0.00436571193407298,0.048077771432963434,0.039442543542189235,正常
2026-05-05,SGN799,玉数纯阿尔法一号,风格多头,300指增T0,2026-04-24,1.48285301,0.0070050835232911,0.0825252706373385,0.16457662818944496,正常
2026-05-05,SNY231,玉数顺利一号,风格多头,500指增T0,2026-04-24,1.8935008,0.013606658601212462,0.09411537157716898,0.1748469318111312,正常
2026-05-05,SZB966,玉数涵瑞专享十七号,风格多头,1000指增T0,2026-04-24,1.71903679,-0.009026377435385147,0.08835418392350158,0.1608838398163157,正常
2026-05-05,SACB34,龙旗科技创新精选1号,风格多头,双创指增,2026-04-24,2.2091,0.0050957732380907395,0.09768944099378873,0.1833619027212341,正常
2026-05-05,SARD76,正仁股票择时一期,绝对收益,股票择时,2026-04-29,1.3420316,-0.008162585373979625,0.014915196454444724,0.05646823584979943,正常
2026-05-05,SXG834,正仁双创择时一号,绝对收益,双创择时,2026-04-29,1.67227013,-0.013927573924380598,0.12143611757796102,0.14085832310001356,正常
2026-05-05,SZC020,瀚鑫纸鸢量化优选,绝对收益,微盘择时,2026-04-24,2.652,0.00302571860816947,0.021178282633808276,0.01804222648752396,正常
2026-05-05,SBHP32,正仁择时量选听涛二号,绝对收益,灵活方向择时,2026-04-29,1.39762419,-0.01800076862453215,0.1850619305393093,0.44189021974620846,正常
2026-05-05,AEU46B,旌安思源1号B类,绝对收益,短线择时,2026-04-29,1.2277,0.003925096083081225,0.009870856296783748,0.014041463616089711,正常
2026-05-05,SBDC67,创世纪顾锝灵活多策略1号,绝对收益,趋势策略,2026-04-29,1.0185,-0.01859703218346509,0.013432835820895495,-0.023115288701323622,正常
2026-05-05,SCJ476,立心-私募学院菁英353号,绝对收益,主线择时,2026-04-29,6.61293565,0.02032408616429282,0.039524309235859034,0.06492761805924108,正常
2026-05-05,VB166A,翔云50二号A类,绝对收益,大盘择时,2026-04-29,2.0697,-0.0037065562722633505,0.029547828682286337,0.04933076455080121,正常
2026-05-05,SQX078,特夫郁金香全量化,绝对收益,量化打板,2026-04-29,2.69729577,9.508203946007043e-05,0.03819958458171935,0.03243776569032186,正常
2026-05-05,SJD168,玉数涵瑞六号,绝对收益,300中性T0,2026-04-24,1.69855671,0.0029191738021625557,0.03589937156336931,0.10737099943229667,正常
2026-05-05,SVZ009,铭跃行远均衡一号,商品类,量化时序CTA,2026-04-24,1.27928419,-0.0019880677707234673,-0.02995169034504508,0.009378570726739754,正常
2026-05-05,SXJ836,碳硅1号,商品类,化工主观,2026-04-29,1.54723293,0.0018701328874226597,-0.01249359844984188,-0.030659429320027298,正常
2026-05-05,SZM385,涌泉君安三号,商品类,黑色主观,2026-04-30,1.4259443,-0.008590488771466176,0.004893798449612463,0.08942188096875237,正常
2026-05-05,SSR379,海鹏扬帆,商品类,农产品主观,2026-04-24,2.77990232,0.01553062819224138,0.0008503386451108597,0.05371530955868198,正常
2026-05-05,SVZ638,格林基金鲲鹏6号,多策略,黄金大类,2026-04-28,8.3995,-0.04220260901295392,0.07262348674464936,0.03774400790709165,正常
2026-05-05,SARZ77,波克宏观配置1号,多策略,宏观大类,2026-04-30,1.50032369,-0.0007475859190820833,0.04210078338375123,0.12451183480737527,正常
2026-05-05,SAST37,国联证券陆联1号FOF,FOF组合类,低波私募FOF,2026-04-27,1.08845,-0.0008720396548559384,0.002806429964056889,0.018739614357005774,正常
2026-05-05,SATW62,顽岩量化选股1号,量选类,量化选股,2026-04-24,2.0071,0.011388259007306667,0.08152818191615485,0.16414361115944542,正常
2026-05-05,SAJJ91,积沐领航者,风格多头,1000指增,2026-04-29,2.0178,-0.012624779800352481,0.062000000000000055,0.12921819911578702,正常
2026-05-05,SBCA75,太衍光年中证2000指数增强2号,风格多头,2000指增T0,2026-04-29,1.233,-0.00995664043680744,0.07591623036649242,0.16397621070518276,正常
2026-05-05,SSV122,时间序列红利增强1号,风格多头,红利指增,2026-04-29,1.4138,-0.0040154984149348705,0.008128921848260084,0.04339483394833943,正常
2026-05-05,SLQ349,赢仕安盈二号,风格多头,转债集中,2026-04-29,1.94166547,-0.0030540657394564352,0.05845236945865828,0.0791396108136635,正常
2026-05-05,STE836,具力芒种1号,风格多头,转债分散,2026-04-24,1.65190185,-0.00436571193407298,0.048077771432963434,0.039442543542189235,正常
2026-05-05,SGN799,玉数纯阿尔法一号,风格多头,300指增T0,2026-04-24,1.48285301,0.0070050835232911,0.0825252706373385,0.16457662818944496,正常
2026-05-05,SNY231,玉数顺利一号,风格多头,500指增T0,2026-04-24,1.8935008,0.013606658601212462,0.09411537157716898,0.1748469318111312,正常
2026-05-05,SZB966,玉数涵瑞专享十七号,风格多头,1000指增T0,2026-04-24,1.71903679,-0.009026377435385147,0.08835418392350158,0.1608838398163157,正常
2026-05-05,SACB34,龙旗科技创新精选1号,风格多头,双创指增,2026-04-24,2.2091,0.0050957732380907395,0.09768944099378873,0.1833619027212341,正常
2026-05-05,SARD76,正仁股票择时一期,绝对收益,股票择时,2026-04-29,1.3420316,-0.008162585373979625,0.014915196454444724,0.05646823584979943,正常
2026-05-05,SXG834,正仁双创择时一号,绝对收益,双创择时,2026-04-29,1.67227013,-0.013927573924380598,0.12143611757796102,0.14085832310001356,正常
2026-05-05,SZC020,瀚鑫纸鸢量化优选,绝对收益,微盘择时,2026-04-24,2.652,0.00302571860816947,0.021178282633808276,0.01804222648752396,正常
2026-05-05,SBHP32,正仁择时量选听涛二号,绝对收益,灵活方向择时,2026-04-29,1.39762419,-0.01800076862453215,0.1850619305393093,0.44189021974620846,正常
2026-05-05,AEU46B,旌安思源1号B类,绝对收益,短线择时,2026-04-29,1.2277,0.003925096083081225,0.009870856296783748,0.014041463616089711,正常
2026-05-05,SBDC67,创世纪顾锝灵活多策略1号,绝对收益,趋势策略,2026-04-29,1.0185,-0.01859703218346509,0.013432835820895495,-0.023115288701323622,正常
2026-05-05,SCJ476,立心-私募学院菁英353号,绝对收益,主线择时,2026-04-29,6.61293565,0.02032408616429282,0.039524309235859034,0.06492761805924108,正常
2026-05-05,VB166A,翔云50二号A类,绝对收益,大盘择时,2026-04-29,2.0697,-0.0037065562722633505,0.029547828682286337,0.04933076455080121,正常
2026-05-05,SQX078,特夫郁金香全量化,绝对收益,量化打板,2026-04-29,2.69729577,9.508203946007043e-05,0.03819958458171935,0.03243776569032186,正常
2026-05-05,SJD168,玉数涵瑞六号,绝对收益,300中性T0,2026-04-24,1.69855671,0.0029191738021625557,0.03589937156336931,0.10737099943229667,正常
2026-05-05,SVZ009,铭跃行远均衡一号,商品类,量化时序CTA,2026-04-24,1.27928419,-0.0019880677707234673,-0.02995169034504508,0.009378570726739754,正常
2026-05-05,SXJ836,碳硅1号,商品类,化工主观,2026-04-29,1.54723293,0.0018701328874226597,-0.01249359844984188,-0.030659429320027298,正常
2026-05-05,SZM385,涌泉君安三号,商品类,黑色主观,2026-04-30,1.4259443,-0.008590488771466176,0.004893798449612463,0.08942188096875237,正常
2026-05-05,SSR379,海鹏扬帆,商品类,农产品主观,2026-04-24,2.77990232,0.01553062819224138,0.0008503386451108597,0.05371530955868198,正常
2026-05-05,SVZ638,格林基金鲲鹏6号,多策略,黄金大类,2026-04-28,8.3995,-0.04220260901295392,0.07262348674464936,0.03774400790709165,正常
2026-05-05,SARZ77,波克宏观配置1号,多策略,宏观大类,2026-04-30,1.50032369,-0.0007475859190820833,0.04210078338375123,0.12451183480737527,正常
2026-05-05,SAST37,国联证券陆联1号FOF,FOF组合类,低波私募FOF,2026-04-27,1.08845,-0.0008720396548559384,0.002806429964056889,0.018739614357005774,正常
2026-05-06,SATW62,顽岩量化选股1号,量选类,量化选股,2026-04-24,2.0071,0.011388259007306667,0.08152818191615485,0.16414361115944542,正常
2026-05-06,SAJJ91,积沐领航者,风格多头,1000指增,2026-04-29,2.0178,-0.012624779800352481,0.062000000000000055,0.12921819911578702,正常
2026-05-06,SBCA75,太衍光年中证2000指数增强2号,风格多头,2000指增T0,2026-04-29,1.233,-0.00995664043680744,0.07591623036649242,0.16397621070518276,正常
2026-05-06,SSV122,时间序列红利增强1号,风格多头,红利指增,2026-04-29,1.4138,-0.0040154984149348705,0.008128921848260084,0.04339483394833943,正常
2026-05-06,SLQ349,赢仕安盈二号,风格多头,转债集中,2026-04-29,1.94166547,-0.0030540657394564352,0.05845236945865828,0.0791396108136635,正常
2026-05-06,STE836,具力芒种1号,风格多头,转债分散,2026-04-24,1.65190185,-0.00436571193407298,0.048077771432963434,0.039442543542189235,正常
2026-05-06,SGN799,玉数纯阿尔法一号,风格多头,300指增T0,2026-04-30,1.50334221,0.020919293777566628,0.09782272222859234,0.18066807035490906,正常
2026-05-06,SNY231,玉数顺利一号,风格多头,500指增T0,2026-04-24,1.8935008,0.013606658601212462,0.09411537157716898,0.1748469318111312,正常
2026-05-06,SZB966,玉数涵瑞专享十七号,风格多头,1000指增T0,2026-04-24,1.71903679,-0.009026377435385147,0.08835418392350158,0.1608838398163157,正常
2026-05-06,SACB34,龙旗科技创新精选1号,风格多头,双创指增,2026-04-24,2.2091,0.0050957732380907395,0.09768944099378873,0.1833619027212341,正常
2026-05-06,SARD76,正仁股票择时一期,绝对收益,股票择时,2026-04-29,1.3420316,-0.008162585373979625,0.014915196454444724,0.05646823584979943,正常
2026-05-06,SXG834,正仁双创择时一号,绝对收益,双创择时,2026-04-30,1.69085091,0.015381704918315142,0.1403185864370633,0.15353452722063032,正常
2026-05-06,SZC020,瀚鑫纸鸢量化优选,绝对收益,微盘择时,2026-04-24,2.652,0.00302571860816947,0.021178282633808276,0.01804222648752396,正常
2026-05-06,SBHP32,正仁择时量选听涛二号,绝对收益,灵活方向择时,2026-04-29,1.39762419,-0.01800076862453215,0.1850619305393093,0.44189021974620846,正常
2026-05-06,AEU46B,旌安思源1号B类,绝对收益,短线择时,2026-04-29,1.2277,0.003925096083081225,0.009870856296783748,0.014041463616089711,正常
2026-05-06,SBDC67,创世纪顾锝灵活多策略1号,绝对收益,趋势策略,2026-04-29,1.0185,-0.01859703218346509,0.013432835820895495,-0.023115288701323622,正常
2026-05-06,SCJ476,立心-私募学院菁英353号,绝对收益,主线择时,2026-04-29,6.61293565,0.02032408616429282,0.039524309235859034,0.06492761805924108,正常
2026-05-06,VB166A,翔云50二号A类,绝对收益,大盘择时,2026-04-29,2.0697,-0.0037065562722633505,0.029547828682286337,0.04933076455080121,正常
2026-05-06,SQX078,特夫郁金香全量化,绝对收益,量化打板,2026-04-29,2.69729577,9.508203946007043e-05,0.03819958458171935,0.03243776569032186,正常
2026-05-06,SJD168,玉数涵瑞六号,绝对收益,300中性T0,2026-04-24,1.69855671,0.0029191738021625557,0.03589937156336931,0.10737099943229667,正常
2026-05-06,SVZ009,铭跃行远均衡一号,商品类,量化时序CTA,2026-04-30,1.2882035,0.004970181128805207,-0.025072321508327167,0.016416069079368212,正常
2026-05-06,SXJ836,碳硅1号,商品类,化工主观,2026-04-29,1.54723293,0.0018701328874226597,-0.01249359844984188,-0.030659429320027298,正常
2026-05-06,SZM385,涌泉君安三号,商品类,黑色主观,2026-04-30,1.4259443,-0.008590488771466176,0.004893798449612463,0.08942188096875237,正常
2026-05-06,SSR379,海鹏扬帆,商品类,农产品主观,2026-04-24,2.77990232,0.01553062819224138,0.0008503386451108597,0.05371530955868198,正常
2026-05-06,SVZ638,格林基金鲲鹏6号,多策略,黄金大类,2026-04-28,8.3995,-0.04220260901295392,0.07262348674464936,0.03774400790709165,正常
2026-05-06,SARZ77,波克宏观配置1号,多策略,宏观大类,2026-04-30,1.50032369,-0.0007475859190820833,0.04210078338375123,0.12451183480737527,正常
2026-05-06,SAST37,国联证券陆联1号FOF,FOF组合类,低波私募FOF,2026-04-27,1.08845,-0.0008720396548559384,0.002806429964056889,0.018739614357005774,正常
2026-05-07,SATW62,顽岩量化选股1号,量选类,量化选股,2026-04-30,2.0464,0.031191735953640887,0.09873825503355715,0.18693811263847815,正常
2026-05-07,SAJJ91,积沐领航者,风格多头,1000指增,2026-04-30,2.0232,0.004817481996523432,0.0793854033290653,0.13224019251217212,正常
2026-05-07,SBCA75,太衍光年中证2000指数增强2号,风格多头,2000指增T0,2026-04-30,1.239,0.010273972602739878,0.09850164021633145,0.16964032851883348,正常
2026-05-07,SSV122,时间序列红利增强1号,风格多头,红利指增,2026-04-30,1.4093,-0.004872193193051766,0.006570959217198746,0.04007380073800748,正常
2026-05-07,SLQ349,赢仕安盈二号,风格多头,转债集中,2026-04-30,1.94021863,0.002075726066280925,0.06937799538845768,0.07833548550030067,正常
2026-05-07,STE836,具力芒种1号,风格多头,转债分散,2026-04-30,1.65789155,-0.0007555999318202833,0.03208463632685499,0.04321150173002275,正常
2026-05-07,SGN799,玉数纯阿尔法一号,风格多头,300指增T0,2026-04-30,1.50334221,0.020919293777566628,0.09782272222859234,0.18066807035490906,正常
2026-05-07,SNY231,玉数顺利一号,风格多头,500指增T0,2026-04-30,1.88982183,0.011637275494115862,0.08434081965682805,0.17256426754358767,正常
2026-05-07,SZB966,玉数涵瑞专享十七号,风格多头,1000指增T0,2026-04-30,1.75096089,0.009376917484274383,0.10420860632600037,0.18244252431118313,正常
2026-05-07,SACB34,龙旗科技创新精选1号,风格多头,双创指增,2026-04-30,2.2543,0.025660858091814953,0.12889979468175694,0.20757445896721682,正常
2026-05-07,SARD76,正仁股票择时一期,绝对收益,股票择时,2026-04-30,1.3430459,-0.0017590886245603121,0.018808241429426387,0.05726670865149952,正常
2026-05-07,SXG834,正仁双创择时一号,绝对收益,双创择时,2026-05-06,1.73347123,0.036597615960526575,0.16922750288345667,0.18261101787419842,正常
2026-05-07,SZC020,瀚鑫纸鸢量化优选,绝对收益,微盘择时,2026-04-24,2.652,0.00302571860816947,0.021178282633808276,0.01804222648752396,正常
2026-05-07,SBHP32,正仁择时量选听涛二号,绝对收益,灵活方向择时,2026-04-30,1.40122182,-0.0006220339140321496,0.1757226484933585,0.44560179510987297,正常
2026-05-07,AEU46B,旌安思源1号B类,绝对收益,短线择时,2026-04-30,1.2232,0.0022943297279580666,0.007080520335913221,0.010324605600066095,正常
2026-05-07,SBDC67,创世纪顾锝灵活多策略1号,绝对收益,趋势策略,2026-04-30,1.0188,0.0015729453401491789,0.024537409493161633,-0.02282754651831964,正常
2026-05-07,SCJ476,立心-私募学院菁英353号,绝对收益,主线择时,2026-04-30,6.64097165,0.029385389196993517,0.05343780807605736,0.0694424526622226,正常
2026-05-07,VB166A,翔云50二号A类,绝对收益,大盘择时,2026-04-30,2.0641,0.0034516285853183337,0.03515546639919753,0.046491583857229735,正常
2026-05-07,SQX078,特夫郁金香全量化,绝对收益,量化打板,2026-04-30,2.70268113,0.0026638761893824636,0.03760952890240499,0.03449910768613784,正常
2026-05-07,SJD168,玉数涵瑞六号,绝对收益,300中性T0,2026-04-30,1.69747522,0.0022806039793890065,0.02481112093086013,0.1066659239672707,正常
2026-05-07,SVZ009,铭跃行远均衡一号,商品类,量化时序CTA,2026-04-30,1.2882035,0.004970181128805207,-0.025072321508327167,0.016416069079368212,正常
2026-05-07,SXJ836,碳硅1号,商品类,化工主观,2026-04-30,1.54755383,0.0024945407244787443,-0.012288787139202784,-0.03045838564838621,正常
2026-05-07,SZM385,涌泉君安三号,商品类,黑色主观,2026-04-30,1.4259443,-0.008590488771466176,0.004893798449612463,0.08942188096875237,正常
2026-05-07,SSR379,海鹏扬帆,商品类,农产品主观,2026-04-30,2.76809305,0.011216564602556822,0.006872851096200838,0.04923903407799801,正常
2026-05-07,SVZ638,格林基金鲲鹏6号,多策略,黄金大类,2026-04-28,8.3995,-0.04220260901295392,0.07262348674464936,0.03774400790709165,正常
2026-05-07,SARZ77,波克宏观配置1号,多策略,宏观大类,2026-04-30,1.50032369,-0.0007475859190820833,0.04210078338375123,0.12451183480737527,正常
2026-05-07,SAST37,国联证券陆联1号FOF,FOF组合类,低波私募FOF,2026-04-28,1.0866,-0.0023870730811603735,0.001101995313468107,0.01700809863597086,正常
2026-05-08,SATW62,顽岩量化选股1号,量选类,量化选股,2026-04-30,2.0464,0.031191735953640887,0.09873825503355715,0.18693811263847815,正常
2026-05-08,SAJJ91,积沐领航者,风格多头,1000指增,2026-05-06,2.0585,0.020170482703935066,0.11216165108865961,0.15199507527002076,正常
2026-05-08,SBCA75,太衍光年中证2000指数增强2号,风格多头,2000指增T0,2026-05-06,1.2643,0.025385239253852276,0.13859870317002865,0.19352402529972634,正常
2026-05-08,SSV122,时间序列红利增强1号,风格多头,红利指增,2026-05-06,1.4131,-0.0004951195360022309,0.02028880866425986,0.04287822878228775,正常
2026-05-08,SLQ349,赢仕安盈二号,风格多头,转债集中,2026-05-06,1.96851248,0.01382679478767268,0.07177242856473787,0.09406065275963305,正常
2026-05-08,STE836,具力芒种1号,风格多头,转债分散,2026-04-30,1.65789155,-0.0007555999318202833,0.03208463632685499,0.04321150173002275,正常
2026-05-08,SGN799,玉数纯阿尔法一号,风格多头,300指增T0,2026-04-30,1.50334221,0.020919293777566628,0.09782272222859234,0.18066807035490906,正常
2026-05-08,SNY231,玉数顺利一号,风格多头,500指增T0,2026-04-30,1.88982183,0.011637275494115862,0.08434081965682805,0.17256426754358767,正常
2026-05-08,SZB966,玉数涵瑞专享十七号,风格多头,1000指增T0,2026-04-30,1.75096089,0.009376917484274383,0.10420860632600037,0.18244252431118313,正常
2026-05-08,SACB34,龙旗科技创新精选1号,风格多头,双创指增,2026-04-30,2.2543,0.025660858091814953,0.12889979468175694,0.20757445896721682,正常
2026-05-08,SARD76,正仁股票择时一期,绝对收益,股票择时,2026-05-06,1.3483428,0.004702720859925957,0.021341983950828203,0.061436511060379395,正常
2026-05-08,SXG834,正仁双创择时一号,绝对收益,双创择时,2026-05-07,1.77735126,0.05115788121141929,0.20069499001917723,0.21254690953745392,正常
2026-05-08,SZC020,瀚鑫纸鸢量化优选,绝对收益,微盘择时,2026-04-30,2.726,0.03101361573373662,0.03179409538228617,0.04644913627639147,正常
2026-05-08,SBHP32,正仁择时量选听涛二号,绝对收益,灵活方向择时,2026-05-06,1.37712861,-0.014664585907031236,0.15900541374144028,0.420745496750232,正常
2026-05-08,AEU46B,旌安思源1号B类,绝对收益,短线择时,2026-05-06,1.2273,-0.0003258124949091501,0.011788953009068459,0.01371107623688772,正常
2026-05-08,SBDC67,创世纪顾锝灵活多策略1号,绝对收益,趋势策略,2026-05-06,1.0254,0.006774668630338931,0.028898254063816964,-0.016497218492230847,正常
2026-05-08,SCJ476,立心-私募学院菁英353号,绝对收益,主线择时,2026-05-06,6.74510536,0.0199865410757476,0.07978912856151155,0.08621183764028006,正常
2026-05-08,VB166A,翔云50二号A类,绝对收益,大盘择时,2026-05-06,2.0892,0.009421655312364052,0.049691001356579445,0.05921719732305819,正常
2026-05-08,SQX078,特夫郁金香全量化,绝对收益,量化打板,2026-05-06,2.71729854,0.007415860812327368,0.04734605285363602,0.04009418045807167,正常
2026-05-08,SJD168,玉数涵瑞六号,绝对收益,300中性T0,2026-04-30,1.69747522,0.0022806039793890065,0.02481112093086013,0.1066659239672707,正常
2026-05-08,SVZ009,铭跃行远均衡一号,商品类,量化时序CTA,2026-04-30,1.2882035,0.004970181128805207,-0.025072321508327167,0.016416069079368212,正常
2026-05-08,SXJ836,碳硅1号,商品类,化工主观,2026-05-06,1.55702047,0.006325834856681922,-0.01201384256376603,-0.024527540950024074,正常
2026-05-08,SZM385,涌泉君安三号,商品类,黑色主观,2026-04-30,1.4259443,-0.008590488771466176,0.004893798449612463,0.08942188096875237,正常
2026-05-08,SSR379,海鹏扬帆,商品类,农产品主观,2026-04-30,2.76809305,0.011216564602556822,0.006872851096200838,0.04923903407799801,正常
2026-05-08,SVZ638,格林基金鲲鹏6号,多策略,黄金大类,2026-04-28,8.3995,-0.04220260901295392,0.07262348674464936,0.03774400790709165,正常
2026-05-08,SARZ77,波克宏观配置1号,多策略,宏观大类,2026-04-30,1.50032369,-0.0007475859190820833,0.04210078338375123,0.12451183480737527,正常
2026-05-08,SAST37,国联证券陆联1号FOF,FOF组合类,低波私募FOF,2026-04-28,1.0866,-0.0023870730811603735,0.001101995313468107,0.01700809863597086,正常
2026-05-08,SATW62,顽岩量化选股1号,量选类,量化选股,2026-04-30,2.0464,0.031191735953640887,0.09873825503355715,0.18693811263847815,正常
2026-05-08,SAJJ91,积沐领航者,风格多头,1000指增,2026-05-07,2.0875,0.031781336496638835,0.1139274279615794,0.16822429906542058,正常
2026-05-08,SBCA75,太衍光年中证2000指数增强2号,风格多头,2000指增T0,2026-05-07,1.2877,0.03930589184826472,0.14330107431412586,0.2156140847729635,正常
2026-05-08,SSV122,时间序列红利增强1号,风格多头,红利指增,2026-05-07,1.4083,-0.000709572128006708,0.018072724643967364,0.03933579335793369,正常
2026-05-08,SLQ349,赢仕安盈二号,风格多头,转债集中,2026-05-07,1.97333529,0.017068519747179378,0.06739130600582444,0.09674107602864668,正常
2026-05-08,STE836,具力芒种1号,风格多头,转债分散,2026-04-30,1.65789155,-0.0007555999318202833,0.03208463632685499,0.04321150173002275,正常
2026-05-08,SGN799,玉数纯阿尔法一号,风格多头,300指增T0,2026-04-30,1.50334221,0.020919293777566628,0.09782272222859234,0.18066807035490906,正常
2026-05-08,SNY231,玉数顺利一号,风格多头,500指增T0,2026-04-30,1.88982183,0.011637275494115862,0.08434081965682805,0.17256426754358767,正常
2026-05-08,SZB966,玉数涵瑞专享十七号,风格多头,1000指增T0,2026-04-30,1.75096089,0.009376917484274383,0.10420860632600037,0.18244252431118313,正常
2026-05-08,SACB34,龙旗科技创新精选1号,风格多头,双创指增,2026-04-30,2.2543,0.025660858091814953,0.12889979468175694,0.20757445896721682,正常
2026-05-08,SARD76,正仁股票择时一期,绝对收益,股票择时,2026-05-07,1.3617541,0.01392968028866326,0.03114866018091833,0.07199409588286221,正常
2026-05-08,SXG834,正仁双创择时一号,绝对收益,双创择时,2026-05-07,1.77735126,0.05115788121141929,0.20069499001917723,0.21254690953745392,正常
2026-05-08,SZC020,瀚鑫纸鸢量化优选,绝对收益,微盘择时,2026-04-30,2.726,0.03101361573373662,0.03179409538228617,0.04644913627639147,正常
2026-05-08,SBHP32,正仁择时量选听涛二号,绝对收益,灵活方向择时,2026-05-07,1.39980457,-0.00101143871710474,0.1624117315676381,0.4441396574847827,正常
2026-05-08,AEU46B,旌安思源1号B类,绝对收益,短线择时,2026-05-07,1.2278,0.003760627861347343,0.012869163504372283,0.01412406046089032,正常
2026-05-08,SBDC67,创世纪顾锝灵活多策略1号,绝对收益,趋势策略,2026-05-07,1.0324,0.013349038084020437,0.03467628783323318,-0.009783234222137005,正常
2026-05-08,SCJ476,立心-私募学院菁英353号,绝对收益,主线择时,2026-05-07,6.8919606,0.037794010158137104,0.0986025407273714,0.10986097158168162,正常
2026-05-08,VB166A,翔云50二号A类,绝对收益,大盘择时,2026-05-07,2.0997,0.01724722639407017,0.04853932584269671,0.06454066112350443,正常
2026-05-08,SQX078,特夫郁金香全量化,绝对收益,量化打板,2026-05-07,2.75268804,0.01850270438673607,0.06361474304025294,0.053640138863996656,正常
2026-05-08,SJD168,玉数涵瑞六号,绝对收益,300中性T0,2026-04-30,1.69747522,0.0022806039793890065,0.02481112093086013,0.1066659239672707,正常
2026-05-08,SVZ009,铭跃行远均衡一号,商品类,量化时序CTA,2026-04-30,1.2882035,0.004970181128805207,-0.025072321508327167,0.016416069079368212,正常
2026-05-08,SXJ836,碳硅1号,商品类,化工主观,2026-05-07,1.54546796,-0.0013478497222936259,-0.0306933685959615,-0.03176518204404222,正常
2026-05-08,SZM385,涌泉君安三号,商品类,黑色主观,2026-04-30,1.4259443,-0.008590488771466176,0.004893798449612463,0.08942188096875237,正常
2026-05-08,SSR379,海鹏扬帆,商品类,农产品主观,2026-04-30,2.76809305,0.011216564602556822,0.006872851096200838,0.04923903407799801,正常
2026-05-08,SVZ638,格林基金鲲鹏6号,多策略,黄金大类,2026-05-07,8.3128,0.034058962557532046,-0.012719866031663196,0.02703236965653577,正常
2026-05-08,SARZ77,波克宏观配置1号,多策略,宏观大类,2026-04-30,1.50032369,-0.0007475859190820833,0.04210078338375123,0.12451183480737527,正常
2026-05-08,SAST37,国联证券陆联1号FOF,FOF组合类,低波私募FOF,2026-04-30,1.0892,-0.0006422607578677741,0.00470436306613764,0.019441580189857754,正常
2026-05-08,AWR20B,彬元天源量化B类,量选类,量化选股,2026-05-07,1.7912,0.02907043548201771,0.11580389958263249,0.2257578868131116,正常
2026-05-10,SATW62,顽岩量化选股1号,量选类,量化选股,2026-04-30,2.0464,0.031191735953640887,0.09873825503355715,0.18693811263847815,正常
2026-05-10,SAJJ91,积沐领航者,风格多头,1000指增,2026-05-07,2.0875,0.031781336496638835,0.1139274279615794,0.16822429906542058,正常
2026-05-10,SBCA75,太衍光年中证2000指数增强2号,风格多头,2000指增T0,2026-05-07,1.2877,0.03930589184826472,0.14330107431412586,0.2156140847729635,正常
2026-05-10,SSV122,时间序列红利增强1号,风格多头,红利指增,2026-05-07,1.4083,-0.000709572128006708,0.018072724643967364,0.03933579335793369,正常
2026-05-10,SLQ349,赢仕安盈二号,风格多头,转债集中,2026-05-07,1.97333529,0.017068519747179378,0.06739130600582444,0.09674107602864668,正常
2026-05-10,STE836,具力芒种1号,风格多头,转债分散,2026-04-30,1.65789155,-0.0007555999318202833,0.03208463632685499,0.04321150173002275,正常
2026-05-10,SGN799,玉数纯阿尔法一号,风格多头,300指增T0,2026-04-30,1.50334221,0.020919293777566628,0.09782272222859234,0.18066807035490906,正常
2026-05-10,SNY231,玉数顺利一号,风格多头,500指增T0,2026-04-30,1.88982183,0.011637275494115862,0.08434081965682805,0.17256426754358767,正常
2026-05-10,SZB966,玉数涵瑞专享十七号,风格多头,1000指增T0,2026-04-30,1.75096089,0.009376917484274383,0.10420860632600037,0.18244252431118313,正常
2026-05-10,SACB34,龙旗科技创新精选1号,风格多头,双创指增,2026-04-30,2.2543,0.025660858091814953,0.12889979468175694,0.20757445896721682,正常
2026-05-10,SARD76,正仁股票择时一期,绝对收益,股票择时,2026-05-07,1.3617541,0.01392968028866326,0.03114866018091833,0.07199409588286221,正常
2026-05-10,SXG834,正仁双创择时一号,绝对收益,双创择时,2026-05-07,1.77735126,0.05115788121141929,0.20069499001917723,0.21254690953745392,正常
2026-05-10,SZC020,瀚鑫纸鸢量化优选,绝对收益,微盘择时,2026-04-30,2.726,0.03101361573373662,0.03179409538228617,0.04644913627639147,正常
2026-05-10,SBHP32,正仁择时量选听涛二号,绝对收益,灵活方向择时,2026-05-07,1.39980457,-0.00101143871710474,0.1624117315676381,0.4441396574847827,正常
2026-05-10,AEU46B,旌安思源1号B类,绝对收益,短线择时,2026-05-07,1.2278,0.003760627861347343,0.012869163504372283,0.01412406046089032,正常
2026-05-10,SBDC67,创世纪顾锝灵活多策略1号,绝对收益,趋势策略,2026-05-07,1.0324,0.013349038084020437,0.03467628783323318,-0.009783234222137005,正常
2026-05-10,SCJ476,立心-私募学院菁英353号,绝对收益,主线择时,2026-05-07,6.8919606,0.037794010158137104,0.0986025407273714,0.10986097158168162,正常
2026-05-10,VB166A,翔云50二号A类,绝对收益,大盘择时,2026-05-07,2.0997,0.01724722639407017,0.04853932584269671,0.06454066112350443,正常
2026-05-10,SQX078,特夫郁金香全量化,绝对收益,量化打板,2026-05-07,2.75268804,0.01850270438673607,0.06361474304025294,0.053640138863996656,正常
2026-05-10,SJD168,玉数涵瑞六号,绝对收益,300中性T0,2026-04-30,1.69747522,0.0022806039793890065,0.02481112093086013,0.1066659239672707,正常
2026-05-10,SVZ009,铭跃行远均衡一号,商品类,量化时序CTA,2026-04-30,1.2882035,0.004970181128805207,-0.025072321508327167,0.016416069079368212,正常
2026-05-10,SXJ836,碳硅1号,商品类,化工主观,2026-05-07,1.54546796,-0.0013478497222936259,-0.0306933685959615,-0.03176518204404222,正常
2026-05-10,SZM385,涌泉君安三号,商品类,黑色主观,2026-05-08,1.40915013,-0.011777577847886467,-0.003852587303831534,0.07659112995645212,正常
2026-05-10,SSR379,海鹏扬帆,商品类,农产品主观,2026-04-30,2.76809305,0.011216564602556822,0.006872851096200838,0.04923903407799801,正常
2026-05-10,SVZ638,格林基金鲲鹏6号,多策略,黄金大类,2026-05-07,8.3128,0.034058962557532046,-0.012719866031663196,0.02703236965653577,正常
2026-05-10,SARZ77,波克宏观配置1号,多策略,宏观大类,2026-05-08,1.52175251,0.01428279786743869,0.06826647078502579,0.14057301004347167,正常
2026-05-10,SAST37,国联证券陆联1号FOF,FOF组合类,低波私募FOF,2026-05-06,1.0947,0.006250574501332817,0.014268507365885474,0.024589329630772427,正常
2026-05-10,SATW62,顽岩量化选股1号,量选类,量化选股,2026-04-30,2.0464,0.031191735953640887,0.09873825503355715,0.18693811263847815,正常
2026-05-10,SAJJ91,积沐领航者,风格多头,1000指增,2026-05-07,2.0875,0.031781336496638835,0.1139274279615794,0.16822429906542058,正常
2026-05-10,SBCA75,太衍光年中证2000指数增强2号,风格多头,2000指增T0,2026-05-07,1.2877,0.03930589184826472,0.14330107431412586,0.2156140847729635,正常
2026-05-10,SSV122,时间序列红利增强1号,风格多头,红利指增,2026-05-07,1.4083,-0.000709572128006708,0.018072724643967364,0.03933579335793369,正常
2026-05-10,SLQ349,赢仕安盈二号,风格多头,转债集中,2026-05-07,1.97333529,0.017068519747179378,0.06739130600582444,0.09674107602864668,正常
2026-05-10,STE836,具力芒种1号,风格多头,转债分散,2026-04-30,1.65789155,-0.0007555999318202833,0.03208463632685499,0.04321150173002275,正常
2026-05-10,SGN799,玉数纯阿尔法一号,风格多头,300指增T0,2026-04-30,1.50334221,0.020919293777566628,0.09782272222859234,0.18066807035490906,正常
2026-05-10,SNY231,玉数顺利一号,风格多头,500指增T0,2026-04-30,1.88982183,0.011637275494115862,0.08434081965682805,0.17256426754358767,正常
2026-05-10,SZB966,玉数涵瑞专享十七号,风格多头,1000指增T0,2026-04-30,1.75096089,0.009376917484274383,0.10420860632600037,0.18244252431118313,正常
2026-05-10,SACB34,龙旗科技创新精选1号,风格多头,双创指增,2026-04-30,2.2543,0.025660858091814953,0.12889979468175694,0.20757445896721682,正常
2026-05-10,SARD76,正仁股票择时一期,绝对收益,股票择时,2026-05-07,1.3617541,0.01392968028866326,0.03114866018091833,0.07199409588286221,正常
2026-05-10,SXG834,正仁双创择时一号,绝对收益,双创择时,2026-05-07,1.77735126,0.05115788121141929,0.20069499001917723,0.21254690953745392,正常
2026-05-10,SZC020,瀚鑫纸鸢量化优选,绝对收益,微盘择时,2026-04-30,2.726,0.03101361573373662,0.03179409538228617,0.04644913627639147,正常
2026-05-10,SBHP32,正仁择时量选听涛二号,绝对收益,灵活方向择时,2026-05-07,1.39980457,-0.00101143871710474,0.1624117315676381,0.4441396574847827,正常
2026-05-10,AEU46B,旌安思源1号B类,绝对收益,短线择时,2026-05-07,1.2278,0.003760627861347343,0.012869163504372283,0.01412406046089032,正常
2026-05-10,SBDC67,创世纪顾锝灵活多策略1号,绝对收益,趋势策略,2026-05-07,1.0324,0.013349038084020437,0.03467628783323318,-0.009783234222137005,正常
2026-05-10,SCJ476,立心-私募学院菁英353号,绝对收益,主线择时,2026-05-07,6.8919606,0.037794010158137104,0.0986025407273714,0.10986097158168162,正常
2026-05-10,VB166A,翔云50二号A类,绝对收益,大盘择时,2026-05-07,2.0997,0.01724722639407017,0.04853932584269671,0.06454066112350443,正常
2026-05-10,SQX078,特夫郁金香全量化,绝对收益,量化打板,2026-05-07,2.75268804,0.01850270438673607,0.06361474304025294,0.053640138863996656,正常
2026-05-10,SJD168,玉数涵瑞六号,绝对收益,300中性T0,2026-04-30,1.69747522,0.0022806039793890065,0.02481112093086013,0.1066659239672707,正常
2026-05-10,SVZ009,铭跃行远均衡一号,商品类,量化时序CTA,2026-04-30,1.2882035,0.004970181128805207,-0.025072321508327167,0.016416069079368212,正常
2026-05-10,SXJ836,碳硅1号,商品类,化工主观,2026-05-07,1.54546796,-0.0013478497222936259,-0.0306933685959615,-0.03176518204404222,正常
2026-05-10,SZM385,涌泉君安三号,商品类,黑色主观,2026-05-08,1.40915013,-0.011777577847886467,-0.003852587303831534,0.07659112995645212,正常
2026-05-10,SSR379,海鹏扬帆,商品类,农产品主观,2026-04-30,2.76809305,0.011216564602556822,0.006872851096200838,0.04923903407799801,正常
2026-05-10,SVZ638,格林基金鲲鹏6号,多策略,黄金大类,2026-05-07,8.3128,0.034058962557532046,-0.012719866031663196,0.02703236965653577,正常
2026-05-10,SARZ77,波克宏观配置1号,多策略,宏观大类,2026-05-08,1.52175251,0.01428279786743869,0.06826647078502579,0.14057301004347167,正常
2026-05-10,SAST37,国联证券陆联1号FOF,FOF组合类,低波私募FOF,2026-05-06,1.0947,0.006250574501332817,0.014268507365885474,0.024589329630772427,正常
2026-05-10,SATW62,顽岩量化选股1号,量选类,量化选股,2026-04-30,2.0464,0.031191735953640887,0.09873825503355715,0.18693811263847815,正常
2026-05-10,SAJJ91,积沐领航者,风格多头,1000指增,2026-05-07,2.0875,0.031781336496638835,0.1139274279615794,0.16822429906542058,正常
2026-05-10,SBCA75,太衍光年中证2000指数增强2号,风格多头,2000指增T0,2026-05-07,1.2877,0.03930589184826472,0.14330107431412586,0.2156140847729635,正常
2026-05-10,SSV122,时间序列红利增强1号,风格多头,红利指增,2026-05-07,1.4083,-0.000709572128006708,0.018072724643967364,0.03933579335793369,正常
2026-05-10,SLQ349,赢仕安盈二号,风格多头,转债集中,2026-05-07,1.97333529,0.017068519747179378,0.06739130600582444,0.09674107602864668,正常
2026-05-10,STE836,具力芒种1号,风格多头,转债分散,2026-04-30,1.65789155,-0.0007555999318202833,0.03208463632685499,0.04321150173002275,正常
2026-05-10,SGN799,玉数纯阿尔法一号,风格多头,300指增T0,2026-04-30,1.50334221,0.020919293777566628,0.09782272222859234,0.18066807035490906,正常
2026-05-10,SNY231,玉数顺利一号,风格多头,500指增T0,2026-04-30,1.88982183,0.011637275494115862,0.08434081965682805,0.17256426754358767,正常
2026-05-10,SZB966,玉数涵瑞专享十七号,风格多头,1000指增T0,2026-04-30,1.75096089,0.009376917484274383,0.10420860632600037,0.18244252431118313,正常
2026-05-10,SACB34,龙旗科技创新精选1号,风格多头,双创指增,2026-04-30,2.2543,0.025660858091814953,0.12889979468175694,0.20757445896721682,正常
2026-05-10,SARD76,正仁股票择时一期,绝对收益,股票择时,2026-05-07,1.3617541,0.01392968028866326,0.03114866018091833,0.07199409588286221,正常
2026-05-10,SXG834,正仁双创择时一号,绝对收益,双创择时,2026-05-07,1.77735126,0.05115788121141929,0.20069499001917723,0.21254690953745392,正常
2026-05-10,SZC020,瀚鑫纸鸢量化优选,绝对收益,微盘择时,2026-04-30,2.726,0.03101361573373662,0.03179409538228617,0.04644913627639147,正常
2026-05-10,SBHP32,正仁择时量选听涛二号,绝对收益,灵活方向择时,2026-05-07,1.39980457,-0.00101143871710474,0.1624117315676381,0.4441396574847827,正常
2026-05-10,AEU46B,旌安思源1号B类,绝对收益,短线择时,2026-05-07,1.2278,0.003760627861347343,0.012869163504372283,0.01412406046089032,正常
2026-05-10,SBDC67,创世纪顾锝灵活多策略1号,绝对收益,趋势策略,2026-05-07,1.0324,0.013349038084020437,0.03467628783323318,-0.009783234222137005,正常
2026-05-10,SCJ476,立心-私募学院菁英353号,绝对收益,主线择时,2026-05-07,6.8919606,0.037794010158137104,0.0986025407273714,0.10986097158168162,正常
2026-05-10,VB166A,翔云50二号A类,绝对收益,大盘择时,2026-05-07,2.0997,0.01724722639407017,0.04853932584269671,0.06454066112350443,正常
2026-05-10,SQX078,特夫郁金香全量化,绝对收益,量化打板,2026-05-07,2.75268804,0.01850270438673607,0.06361474304025294,0.053640138863996656,正常
2026-05-10,SJD168,玉数涵瑞六号,绝对收益,300中性T0,2026-04-30,1.69747522,0.0022806039793890065,0.02481112093086013,0.1066659239672707,正常
2026-05-10,SVZ009,铭跃行远均衡一号,商品类,量化时序CTA,2026-04-30,1.2882035,0.004970181128805207,-0.025072321508327167,0.016416069079368212,正常
2026-05-10,SXJ836,碳硅1号,商品类,化工主观,2026-05-07,1.54546796,-0.0013478497222936259,-0.0306933685959615,-0.03176518204404222,正常
2026-05-10,SZM385,涌泉君安三号,商品类,黑色主观,2026-05-08,1.40915013,-0.011777577847886467,-0.003852587303831534,0.07659112995645212,正常
2026-05-10,SSR379,海鹏扬帆,商品类,农产品主观,2026-04-30,2.76809305,0.011216564602556822,0.006872851096200838,0.04923903407799801,正常
2026-05-10,SVZ638,格林基金鲲鹏6号,多策略,黄金大类,2026-05-07,8.3128,0.034058962557532046,-0.012719866031663196,0.02703236965653577,正常
2026-05-10,SARZ77,波克宏观配置1号,多策略,宏观大类,2026-05-08,1.52175251,0.01428279786743869,0.06826647078502579,0.14057301004347167,正常
2026-05-10,SAST37,国联证券陆联1号FOF,FOF组合类,低波私募FOF,2026-05-06,1.0947,0.006250574501332817,0.014268507365885474,0.024589329630772427,正常
2026-05-11,SATW62,顽岩量化选股1号,量选类,量化选股,2026-04-30,2.0464,0.031191735953640887,0.09873825503355715,0.18693811263847815,正常
2026-05-11,SAJJ91,积沐领航者,风格多头,1000指增,2026-05-07,2.0875,0.031781336496638835,0.1139274279615794,0.16822429906542058,正常
2026-05-11,SBCA75,太衍光年中证2000指数增强2号,风格多头,2000指增T0,2026-05-07,1.2877,0.03930589184826472,0.14330107431412586,0.2156140847729635,正常
2026-05-11,SSV122,时间序列红利增强1号,风格多头,红利指增,2026-05-07,1.4083,-0.000709572128006708,0.018072724643967364,0.03933579335793369,正常
2026-05-11,SLQ349,赢仕安盈二号,风格多头,转债集中,2026-05-07,1.97333529,0.017068519747179378,0.06739130600582444,0.09674107602864668,正常
2026-05-11,STE836,具力芒种1号,风格多头,转债分散,2026-04-30,1.65789155,-0.0007555999318202833,0.03208463632685499,0.04321150173002275,正常
2026-05-11,SGN799,玉数纯阿尔法一号,风格多头,300指增T0,2026-05-08,1.54912498,0.030453990911357476,0.14436325160547536,0.21662412503882722,正常
2026-05-11,SNY231,玉数顺利一号,风格多头,500指增T0,2026-04-30,1.88982183,0.011637275494115862,0.08434081965682805,0.17256426754358767,正常
2026-05-11,SZB966,玉数涵瑞专享十七号,风格多头,1000指增T0,2026-04-30,1.75096089,0.009376917484274383,0.10420860632600037,0.18244252431118313,正常
2026-05-11,SACB34,龙旗科技创新精选1号,风格多头,双创指增,2026-04-30,2.2543,0.025660858091814953,0.12889979468175694,0.20757445896721682,正常
2026-05-11,SARD76,正仁股票择时一期,绝对收益,股票择时,2026-05-07,1.3617541,0.01392968028866326,0.03114866018091833,0.07199409588286221,正常
2026-05-11,SXG834,正仁双创择时一号,绝对收益,双创择时,2026-05-07,1.77735126,0.05115788121141929,0.20069499001917723,0.21254690953745392,正常
2026-05-11,SZC020,瀚鑫纸鸢量化优选,绝对收益,微盘择时,2026-04-30,2.726,0.03101361573373662,0.03179409538228617,0.04644913627639147,正常
2026-05-11,SBHP32,正仁择时量选听涛二号,绝对收益,灵活方向择时,2026-05-07,1.39980457,-0.00101143871710474,0.1624117315676381,0.4441396574847827,正常
2026-05-11,AEU46B,旌安思源1号B类,绝对收益,短线择时,2026-05-07,1.2278,0.003760627861347343,0.012869163504372283,0.01412406046089032,正常
2026-05-11,SBDC67,创世纪顾锝灵活多策略1号,绝对收益,趋势策略,2026-05-07,1.0324,0.013349038084020437,0.03467628783323318,-0.009783234222137005,正常
2026-05-11,SCJ476,立心-私募学院菁英353号,绝对收益,主线择时,2026-05-07,6.8919606,0.037794010158137104,0.0986025407273714,0.10986097158168162,正常
2026-05-11,VB166A,翔云50二号A类,绝对收益,大盘择时,2026-05-07,2.0997,0.01724722639407017,0.04853932584269671,0.06454066112350443,正常
2026-05-11,SQX078,特夫郁金香全量化,绝对收益,量化打板,2026-05-07,2.75268804,0.01850270438673607,0.06361474304025294,0.053640138863996656,正常
2026-05-11,SJD168,玉数涵瑞六号,绝对收益,300中性T0,2026-04-30,1.69747522,0.0022806039793890065,0.02481112093086013,0.1066659239672707,正常
2026-05-11,SVZ009,铭跃行远均衡一号,商品类,量化时序CTA,2026-05-08,1.29457444,0.004945600598042166,0.0,0.02144285699846682,正常
2026-05-11,SXJ836,碳硅1号,商品类,化工主观,2026-05-07,1.54546796,-0.0013478497222936259,-0.0306933685959615,-0.03176518204404222,正常
2026-05-11,SZM385,涌泉君安三号,商品类,黑色主观,2026-05-08,1.40915013,-0.011777577847886467,-0.003852587303831534,0.07659112995645212,正常
2026-05-11,SSR379,海鹏扬帆,商品类,农产品主观,2026-04-30,2.76809305,0.011216564602556822,0.006872851096200838,0.04923903407799801,正常
2026-05-11,SVZ638,格林基金鲲鹏6号,多策略,黄金大类,2026-05-07,8.3128,0.034058962557532046,-0.012719866031663196,0.02703236965653577,正常
2026-05-11,SARZ77,波克宏观配置1号,多策略,宏观大类,2026-05-08,1.52175251,0.01428279786743869,0.06826647078502579,0.14057301004347167,正常
2026-05-11,SAST37,国联证券陆联1号FOF,FOF组合类,低波私募FOF,2026-05-06,1.0947,0.006250574501332817,0.014268507365885474,0.024589329630772427,正常
2026-05-11,SATW62,顽岩量化选股1号,量选类,量化选股,2026-05-08,2.1602,0.05560985144644248,0.2061418202121721,0.25294356475842483,正常
2026-05-11,SAJJ91,积沐领航者,风格多头,1000指增,2026-05-08,2.0981,0.03702056148675359,0.07385607534036231,0.17415636017684277,正常
2026-05-11,SBCA75,太衍光年中证2000指数增强2号,风格多头,2000指增T0,2026-05-08,1.3015,0.05044390637610974,0.10334011529331977,0.22864155574435974,正常
2026-05-11,SSV122,时间序列红利增强1号,风格多头,红利指增,2026-05-08,1.4074,-0.001348187043212934,-0.0045972133814272675,0.03867158671586712,正常
2026-05-11,SLQ349,赢仕安盈二号,风格多头,转债集中,2026-05-08,1.97896191,0.019968512517581694,0.03987159887066416,0.09986824114066595,正常
2026-05-11,STE836,具力芒种1号,风格多头,转债分散,2026-05-08,1.68672565,0.01739203025674385,0.057646952093692194,0.06135506773229449,正常
2026-05-11,SGN799,玉数纯阿尔法一号,风格多头,300指增T0,2026-05-08,1.54912498,0.030453990911357476,0.14436325160547536,0.21662412503882722,正常
2026-05-11,SNY231,玉数顺利一号,风格多头,500指增T0,2026-05-08,1.98614404,0.05096893710874317,0.15771517545987845,0.23232862195197623,正常
2026-05-11,SZB966,玉数涵瑞专享十七号,风格多头,1000指增T0,2026-05-08,1.845213,0.053828792258175495,0.1877874552362837,0.24609197730956245,正常
2026-05-11,SACB34,龙旗科技创新精选1号,风格多头,双创指增,2026-05-08,2.3753,0.05367519850951519,0.22926046680122147,0.27239125776730244,正常
2026-05-11,SARD76,正仁股票择时一期,绝对收益,股票择时,2026-05-08,1.3711082,0.020894520432995112,0.019782062028499636,0.07935778949854377,正常
2026-05-11,SXG834,正仁双创择时一号,绝对收益,双创择时,2026-05-08,1.79162802,0.05960141689843024,0.1268321656343414,0.22228681948424067,正常
2026-05-11,SZC020,瀚鑫纸鸢量化优选,绝对收益,微盘择时,2026-04-30,2.726,0.03101361573373662,0.03179409538228617,0.04644913627639147,正常
2026-05-11,SBHP32,正仁择时量选听涛二号,绝对收益,灵活方向择时,2026-05-08,1.40471043,0.002489691460842325,0.0777917235862482,0.4492008975549364,正常
2026-05-11,AEU46B,旌安思源1号B类,绝对收益,短线择时,2026-05-08,1.2164,-0.00555918901242658,-0.000575137622216837,0.004708020153630033,正常
2026-05-11,SBDC67,创世纪顾锝灵活多策略1号,绝对收益,趋势策略,2026-05-08,1.0318,0.012760109933254826,0.017052735337604874,-0.010358718588144966,正常
2026-05-11,SCJ476,立心-私募学院菁英353号,绝对收益,主线择时,2026-05-08,6.92622682,0.04295383040823553,0.09551629481253965,0.11537910240524307,正常
2026-05-11,VB166A,翔云50二号A类,绝对收益,大盘择时,2026-05-08,2.0952,0.0150670994622355,0.029430550778755116,0.062259176637599056,正常
2026-05-11,SQX078,特夫郁金香全量化,绝对收益,量化打板,2026-05-08,2.77628105,0.02723218776459957,0.05805316637023794,0.06267078162895756,正常
2026-05-11,SJD168,玉数涵瑞六号,绝对收益,300中性T0,2026-05-08,1.71385206,0.009647763812422605,0.027700570155010373,0.11734277542096327,正常
2026-05-11,SVZ009,铭跃行远均衡一号,商品类,量化时序CTA,2026-05-08,1.29457444,0.004945600598042166,0.0,0.02144285699846682,正常
2026-05-11,SXJ836,碳硅1号,商品类,化工主观,2026-05-08,1.55365099,0.003939869413136954,-0.007584295764309412,-0.026638518297238956,正常
2026-05-11,SZM385,涌泉君安三号,商品类,黑色主观,2026-05-08,1.40915013,-0.011777577847886467,-0.003852587303831534,0.07659112995645212,正常
2026-05-11,SSR379,海鹏扬帆,商品类,农产品主观,2026-05-08,2.81296828,0.016211604591832796,0.030276818541681738,0.06624888242078697,正常
2026-05-11,SVZ638,格林基金鲲鹏6号,多策略,黄金大类,2026-05-07,8.3128,0.034058962557532046,-0.012719866031663196,0.02703236965653577,正常
2026-05-11,SARZ77,波克宏观配置1号,多策略,宏观大类,2026-05-08,1.52175251,0.01428279786743869,0.06826647078502579,0.14057301004347167,正常
2026-05-11,SAST37,国联证券陆联1号FOF,FOF组合类,低波私募FOF,2026-05-06,1.0947,0.006250574501332817,0.014268507365885474,0.024589329630772427,正常
2026-05-12,SATW62,顽岩量化选股1号,量选类,量化选股,2026-05-08,2.1602,0.05560985144644248,0.2061418202121721,0.25294356475842483,正常
2026-05-12,SAJJ91,积沐领航者,风格多头,1000指增,2026-05-08,2.0981,0.03702056148675359,0.07385607534036231,0.17415636017684277,正常
2026-05-12,SBCA75,太衍光年中证2000指数增强2号,风格多头,2000指增T0,2026-05-08,1.3015,0.05044390637610974,0.10334011529331977,0.22864155574435974,正常
2026-05-12,SSV122,时间序列红利增强1号,风格多头,红利指增,2026-05-08,1.4074,-0.001348187043212934,-0.0045972133814272675,0.03867158671586712,正常
2026-05-12,SLQ349,赢仕安盈二号,风格多头,转债集中,2026-05-08,1.97896191,0.019968512517581694,0.03987159887066416,0.09986824114066595,正常
2026-05-12,STE836,具力芒种1号,风格多头,转债分散,2026-05-08,1.68672565,0.01739203025674385,0.057646952093692194,0.06135506773229449,正常
2026-05-12,SGN799,玉数纯阿尔法一号,风格多头,300指增T0,2026-05-08,1.54912498,0.030453990911357476,0.14436325160547536,0.21662412503882722,正常
2026-05-12,SNY231,玉数顺利一号,风格多头,500指增T0,2026-05-08,1.98614404,0.05096893710874317,0.15771517545987845,0.23232862195197623,正常
2026-05-12,SZB966,玉数涵瑞专享十七号,风格多头,1000指增T0,2026-05-08,1.845213,0.053828792258175495,0.1877874552362837,0.24609197730956245,正常
2026-05-12,SACB34,龙旗科技创新精选1号,风格多头,双创指增,2026-05-08,2.3753,0.05367519850951519,0.22926046680122147,0.27239125776730244,正常
2026-05-12,SARD76,正仁股票择时一期,绝对收益,股票择时,2026-05-08,1.3711082,0.020894520432995112,0.019782062028499636,0.07935778949854377,正常
2026-05-12,SXG834,正仁双创择时一号,绝对收益,双创择时,2026-05-11,1.80695454,0.0686657997540423,0.14402499302282323,0.2327428980761359,正常
2026-05-12,SZC020,瀚鑫纸鸢量化优选,绝对收益,微盘择时,2026-04-30,2.726,0.03101361573373662,0.03179409538228617,0.04644913627639147,正常
2026-05-12,SBHP32,正仁择时量选听涛二号,绝对收益,灵活方向择时,2026-05-08,1.40471043,0.002489691460842325,0.0777917235862482,0.4492008975549364,正常
2026-05-12,AEU46B,旌安思源1号B类,绝对收益,短线择时,2026-05-08,1.2164,-0.00555918901242658,-0.000575137622216837,0.004708020153630033,正常
2026-05-12,SBDC67,创世纪顾锝灵活多策略1号,绝对收益,趋势策略,2026-05-08,1.0318,0.012760109933254826,0.017052735337604874,-0.010358718588144966,正常
2026-05-12,SCJ476,立心-私募学院菁英353号,绝对收益,主线择时,2026-05-08,6.92622682,0.04295383040823553,0.09551629481253965,0.11537910240524307,正常
2026-05-12,VB166A,翔云50二号A类,绝对收益,大盘择时,2026-05-08,2.0952,0.0150670994622355,0.029430550778755116,0.062259176637599056,正常
2026-05-12,SQX078,特夫郁金香全量化,绝对收益,量化打板,2026-05-08,2.77628105,0.02723218776459957,0.05805316637023794,0.06267078162895756,正常
2026-05-12,SJD168,玉数涵瑞六号,绝对收益,300中性T0,2026-05-08,1.71385206,0.009647763812422605,0.027700570155010373,0.11734277542096327,正常
2026-05-12,SVZ009,铭跃行远均衡一号,商品类,量化时序CTA,2026-05-08,1.29457444,0.004945600598042166,0.0,0.02144285699846682,正常
2026-05-12,SXJ836,碳硅1号,商品类,化工主观,2026-05-08,1.55365099,0.003939869413136954,-0.007584295764309412,-0.026638518297238956,正常
2026-05-12,SZM385,涌泉君安三号,商品类,黑色主观,2026-05-08,1.40915013,-0.011777577847886467,-0.003852587303831534,0.07659112995645212,正常
2026-05-12,SSR379,海鹏扬帆,商品类,农产品主观,2026-05-08,2.81296828,0.016211604591832796,0.030276818541681738,0.06624888242078697,正常
2026-05-12,SVZ638,格林基金鲲鹏6号,多策略,黄金大类,2026-05-07,8.3128,0.034058962557532046,-0.012719866031663196,0.02703236965653577,正常
2026-05-12,SARZ77,波克宏观配置1号,多策略,宏观大类,2026-05-08,1.52175251,0.01428279786743869,0.06826647078502579,0.14057301004347167,正常
2026-05-12,SAST37,国联证券陆联1号FOF,FOF组合类,低波私募FOF,2026-05-07,1.0988,0.008813808299669601,0.017219033512312576,0.028426742850363285,正常
2026-05-12,SATW62,顽岩量化选股1号,量选类,量化选股,2026-05-08,2.1602,0.05560985144644248,0.2061418202121721,0.25294356475842483,正常
2026-05-12,SAJJ91,积沐领航者,风格多头,1000指增,2026-05-11,2.1241,0.04987149070778951,0.08733043255694906,0.18870669875202872,正常
2026-05-12,SBCA75,太衍光年中证2000指数增强2号,风格多头,2000指增T0,2026-05-11,1.3174,0.06327683615819191,0.11662993727750459,0.2436514679505335,正常
2026-05-12,SSV122,时间序列红利增强1号,风格多头,红利指增,2026-05-08,1.4074,-0.001348187043212934,-0.0045972133814272675,0.03867158671586712,正常
2026-05-12,SLQ349,赢仕安盈二号,风格多头,转债集中,2026-05-11,1.99021515,0.025768498058386324,0.05093378732426146,0.10612257136470427,正常
2026-05-12,STE836,具力芒种1号,风格多头,转债分散,2026-05-08,1.68672565,0.01739203025674385,0.057646952093692194,0.06135506773229449,正常
2026-05-12,SGN799,玉数纯阿尔法一号,风格多头,300指增T0,2026-05-08,1.54912498,0.030453990911357476,0.14436325160547536,0.21662412503882722,正常
2026-05-12,SNY231,玉数顺利一号,风格多头,500指增T0,2026-05-08,1.98614404,0.05096893710874317,0.15771517545987845,0.23232862195197623,正常
2026-05-12,SZB966,玉数涵瑞专享十七号,风格多头,1000指增T0,2026-05-08,1.845213,0.053828792258175495,0.1877874552362837,0.24609197730956245,正常
2026-05-12,SACB34,龙旗科技创新精选1号,风格多头,双创指增,2026-05-08,2.3753,0.05367519850951519,0.22926046680122147,0.27239125776730244,正常
2026-05-12,SARD76,正仁股票择时一期,绝对收益,股票择时,2026-05-11,1.3796734,0.027271964420575667,0.03421475035904353,0.08610044871290246,正常
2026-05-12,SXG834,正仁双创择时一号,绝对收益,双创择时,2026-05-11,1.80695454,0.0686657997540423,0.14402499302282323,0.2327428980761359,正常
2026-05-12,SZC020,瀚鑫纸鸢量化优选,绝对收益,微盘择时,2026-05-08,2.745,0.006969919295671367,0.07017543859649122,0.05374280230326289,正常
2026-05-12,SBHP32,正仁择时量选听涛二号,绝对收益,灵活方向择时,2026-05-11,1.4199731,0.013382092494106379,0.09141948102773778,0.46494697204167945,正常
2026-05-12,AEU46B,旌安思源1号B类,绝对收益,短线择时,2026-05-11,1.2254,0.0017985611510791255,0.009473597495675223,0.01214173618567771,正常
2026-05-12,SBDC67,创世纪顾锝灵活多策略1号,绝对收益,趋势策略,2026-05-11,1.0378,0.018649391440910934,0.02125565833497345,-0.004603874928064355,正常
2026-05-12,SCJ476,立心-私募学院菁英353号,绝对收益,主线择时,2026-05-11,7.01344992,0.056087917496229656,0.11244441279317785,0.12942525271410665,正常
2026-05-12,VB166A,翔云50二号A类,绝对收益,大盘择时,2026-05-11,2.1165,0.02538636693958618,0.03923205342237046,0.07305820320421819,正常
2026-05-12,SQX078,特夫郁金香全量化,绝对收益,量化打板,2026-05-11,2.77781972,0.02780150020879457,0.04819043778703569,0.0632597348444719,正常
2026-05-12,SJD168,玉数涵瑞六号,绝对收益,300中性T0,2026-05-08,1.71385206,0.009647763812422605,0.027700570155010373,0.11734277542096327,正常
2026-05-12,SVZ009,铭跃行远均衡一号,商品类,量化时序CTA,2026-05-08,1.29457444,0.004945600598042166,0.0,0.02144285699846682,正常
2026-05-12,SXJ836,碳硅1号,商品类,化工主观,2026-05-11,1.55461769,0.0045645326599075275,-0.00010063197924925493,-0.026032881284538845,正常
2026-05-12,SZM385,涌泉君安三号,商品类,黑色主观,2026-05-08,1.40915013,-0.011777577847886467,-0.003852587303831534,0.07659112995645212,正常
2026-05-12,SSR379,海鹏扬帆,商品类,农产品主观,2026-05-08,2.81296828,0.016211604591832796,0.030276818541681738,0.06624888242078697,正常
2026-05-12,SVZ638,格林基金鲲鹏6号,多策略,黄金大类,2026-05-07,8.3128,0.034058962557532046,-0.012719866031663196,0.02703236965653577,正常
2026-05-12,SARZ77,波克宏观配置1号,多策略,宏观大类,2026-05-08,1.52175251,0.01428279786743869,0.06826647078502579,0.14057301004347167,正常
2026-05-12,SAST37,国联证券陆联1号FOF,FOF组合类,低波私募FOF,2026-05-07,1.0988,0.008813808299669601,0.017219033512312576,0.028426742850363285,正常
2026-05-13,SATW62,顽岩量化选股1号,量选类,量化选股,2026-05-08,2.1602,0.05560985144644248,0.2061418202121721,0.25294356475842483,正常
2026-05-13,SAJJ91,积沐领航者,风格多头,1000指增,2026-05-11,2.1241,0.04987149070778951,0.08733043255694906,0.18870669875202872,正常
2026-05-13,SBCA75,太衍光年中证2000指数增强2号,风格多头,2000指增T0,2026-05-11,1.3174,0.06327683615819191,0.11662993727750459,0.2436514679505335,正常
2026-05-13,SSV122,时间序列红利增强1号,风格多头,红利指增,2026-05-11,1.4125,0.0022706308096218653,0.005266529072663895,0.04243542435424352,正常
2026-05-13,SLQ349,赢仕安盈二号,风格多头,转债集中,2026-05-11,1.99021515,0.025768498058386324,0.05093378732426146,0.10612257136470427,正常
2026-05-13,STE836,具力芒种1号,风格多头,转债分散,2026-05-08,1.68672565,0.01739203025674385,0.057646952093692194,0.06135506773229449,正常
2026-05-13,SGN799,玉数纯阿尔法一号,风格多头,300指增T0,2026-05-08,1.54912498,0.030453990911357476,0.14436325160547536,0.21662412503882722,正常
2026-05-13,SNY231,玉数顺利一号,风格多头,500指增T0,2026-05-08,1.98614404,0.05096893710874317,0.15771517545987845,0.23232862195197623,正常
2026-05-13,SZB966,玉数涵瑞专享十七号,风格多头,1000指增T0,2026-05-08,1.845213,0.053828792258175495,0.1877874552362837,0.24609197730956245,正常
2026-05-13,SACB34,龙旗科技创新精选1号,风格多头,双创指增,2026-05-08,2.3753,0.05367519850951519,0.22926046680122147,0.27239125776730244,正常
2026-05-13,SARD76,正仁股票择时一期,绝对收益,股票择时,2026-05-11,1.3796734,0.027271964420575667,0.03421475035904353,0.08610044871290246,正常
2026-05-13,SXG834,正仁双创择时一号,绝对收益,双创择时,2026-05-12,1.7943574,0.06121562190246577,0.1360494503726979,0.22414886069040807,正常
2026-05-13,SZC020,瀚鑫纸鸢量化优选,绝对收益,微盘择时,2026-05-08,2.745,0.006969919295671367,0.07017543859649122,0.05374280230326289,正常
2026-05-13,SBHP32,正仁择时量选听涛二号,绝对收益,灵活方向择时,2026-05-11,1.4199731,0.013382092494106379,0.09141948102773778,0.46494697204167945,正常
2026-05-13,AEU46B,旌安思源1号B类,绝对收益,短线择时,2026-05-11,1.2254,0.0017985611510791255,0.009473597495675223,0.01214173618567771,正常
2026-05-13,SBDC67,创世纪顾锝灵活多策略1号,绝对收益,趋势策略,2026-05-11,1.0378,0.018649391440910934,0.02125565833497345,-0.004603874928064355,正常
2026-05-13,SCJ476,立心-私募学院菁英353号,绝对收益,主线择时,2026-05-11,7.01344992,0.056087917496229656,0.11244441279317785,0.12942525271410665,正常
2026-05-13,VB166A,翔云50二号A类,绝对收益,大盘择时,2026-05-11,2.1165,0.02538636693958618,0.03923205342237046,0.07305820320421819,正常
2026-05-13,SQX078,特夫郁金香全量化,绝对收益,量化打板,2026-05-11,2.77781972,0.02780150020879457,0.04819043778703569,0.0632597348444719,正常
2026-05-13,SJD168,玉数涵瑞六号,绝对收益,300中性T0,2026-05-08,1.71385206,0.009647763812422605,0.027700570155010373,0.11734277542096327,正常
2026-05-13,SVZ009,铭跃行远均衡一号,商品类,量化时序CTA,2026-05-08,1.29457444,0.004945600598042166,0.0,0.02144285699846682,正常
2026-05-13,SXJ836,碳硅1号,商品类,化工主观,2026-05-11,1.55461769,0.0045645326599075275,-0.00010063197924925493,-0.026032881284538845,正常
2026-05-13,SZM385,涌泉君安三号,商品类,黑色主观,2026-05-08,1.40915013,-0.011777577847886467,-0.003852587303831534,0.07659112995645212,正常
2026-05-13,SSR379,海鹏扬帆,商品类,农产品主观,2026-05-08,2.81296828,0.016211604591832796,0.030276818541681738,0.06624888242078697,正常
2026-05-13,SVZ638,格林基金鲲鹏6号,多策略,黄金大类,2026-05-07,8.3128,0.034058962557532046,-0.012719866031663196,0.02703236965653577,正常
2026-05-13,SARZ77,波克宏观配置1号,多策略,宏观大类,2026-05-08,1.52175251,0.01428279786743869,0.06826647078502579,0.14057301004347167,正常
2026-05-13,SAST37,国联证券陆联1号FOF,FOF组合类,低波私募FOF,2026-05-08,1.1003,0.010190965846492928,0.017094283188776593,0.029830674516067468,正常
2026-05-14,SATW62,顽岩量化选股1号,量选类,量化选股,2026-05-08,2.1602,0.05560985144644248,0.2061418202121721,0.25294356475842483,正常
2026-05-14,SAJJ91,积沐领航者,风格多头,1000指增,2026-05-12,2.1057,0.040776986951364114,0.07791144100332748,0.17840953606805088,正常
2026-05-14,SBCA75,太衍光年中证2000指数增强2号,风格多头,2000指增T0,2026-05-12,1.3067,0.054640839386602025,0.10756060349211727,0.23355045784952333,正常
2026-05-14,SSV122,时间序列红利增强1号,风格多头,红利指增,2026-05-12,1.4102,0.0006386149152060039,0.003629634901430423,0.040738007380073826,正常
2026-05-14,SLQ349,赢仕安盈二号,风格多头,转债集中,2026-05-12,1.96127825,0.0108542509974765,0.0356536474306306,0.0900400095194065,正常
2026-05-14,STE836,具力芒种1号,风格多头,转债分散,2026-05-08,1.68672565,0.01739203025674385,0.057646952093692194,0.06135506773229449,正常
2026-05-14,SGN799,玉数纯阿尔法一号,风格多头,300指增T0,2026-05-08,1.54912498,0.030453990911357476,0.14436325160547536,0.21662412503882722,正常
2026-05-14,SNY231,玉数顺利一号,风格多头,500指增T0,2026-05-08,1.98614404,0.05096893710874317,0.15771517545987845,0.23232862195197623,正常
2026-05-14,SZB966,玉数涵瑞专享十七号,风格多头,1000指增T0,2026-05-08,1.845213,0.053828792258175495,0.1877874552362837,0.24609197730956245,正常
2026-05-14,SACB34,龙旗科技创新精选1号,风格多头,双创指增,2026-05-08,2.3753,0.05367519850951519,0.22926046680122147,0.27239125776730244,正常
2026-05-14,SARD76,正仁股票择时一期,绝对收益,股票择时,2026-05-12,1.3723479,0.021817571536460578,0.028723494128579885,0.08033370070062196,正常
2026-05-14,SXG834,正仁双创择时一号,绝对收益,双创择时,2026-05-13,1.8220711,0.051111243421098074,0.14635757458674514,0.243055737481239,正常
2026-05-14,SZC020,瀚鑫纸鸢量化优选,绝对收益,微盘择时,2026-05-08,2.745,0.006969919295671367,0.07017543859649122,0.05374280230326289,正常
2026-05-14,SBHP32,正仁择时量选听涛二号,绝对收益,灵活方向择时,2026-05-12,1.41059746,0.0066910462470530785,0.0842131782160136,0.4552743835757762,正常
2026-05-14,AEU46B,旌安思源1号B类,绝对收益,短线择时,2026-05-12,1.2192,-0.0032701111837802888,0.00436609275887645,0.0070207318080448555,正常
2026-05-14,SBDC67,创世纪顾锝灵活多策略1号,绝对收益,趋势策略,2026-05-12,1.0347,0.015606595995288686,0.018205077740602205,-0.007577210819106117,正常
2026-05-14,SCJ476,立心-私募学院菁英353号,绝对收益,主线择时,2026-05-12,7.08554249,0.06694364370611328,0.12387943801118073,0.14103482717743443,正常
2026-05-14,VB166A,翔云50二号A类,绝对收益,大盘择时,2026-05-12,2.1062,0.020396298628942322,0.03417460473337908,0.06783613871425676,正常
2026-05-14,SQX078,特夫郁金香全量化,绝对收益,量化打板,2026-05-12,2.78961622,0.0321662400477114,0.052641762835356154,0.06777505431311348,正常
2026-05-14,SJD168,玉数涵瑞六号,绝对收益,300中性T0,2026-05-08,1.71385206,0.009647763812422605,0.027700570155010373,0.11734277542096327,正常
2026-05-14,SVZ009,铭跃行远均衡一号,商品类,量化时序CTA,2026-05-08,1.29457444,0.004945600598042166,0.0,0.02144285699846682,正常
2026-05-14,SXJ836,碳硅1号,商品类,化工主观,2026-05-12,1.56312163,0.010059617764636819,0.00536893413104389,-0.020705167601099972,正常
2026-05-14,SZM385,涌泉君安三号,商品类,黑色主观,2026-05-08,1.40915013,-0.011777577847886467,-0.003852587303831534,0.07659112995645212,正常
2026-05-14,SSR379,海鹏扬帆,商品类,农产品主观,2026-05-08,2.81296828,0.016211604591832796,0.030276818541681738,0.06624888242078697,正常
2026-05-14,SVZ638,格林基金鲲鹏6号,多策略,黄金大类,2026-05-12,8.357,0.03955715885060318,-0.0365682137834038,0.032493204843093704,正常
2026-05-14,SARZ77,波克宏观配置1号,多策略,宏观大类,2026-05-08,1.52175251,0.01428279786743869,0.06826647078502579,0.14057301004347167,正常
2026-05-14,SAST37,国联证券陆联1号FOF,FOF组合类,低波私募FOF,2026-05-08,1.1003,0.010190965846492928,0.017094283188776593,0.029830674516067468,正常
2026-05-15,SATW62,顽岩量化选股1号,量选类,量化选股,2026-05-08,2.1602,0.05560985144644248,0.2061418202121721,0.25294356475842483,正常
2026-05-15,SAJJ91,积沐领航者,风格多头,1000指增,2026-05-13,2.1364,0.03784308962837013,0.09139208173690938,0.19559012815490529,正常
2026-05-15,SBCA75,太衍光年中证2000指数增强2号,风格多头,2000指增T0,2026-05-13,1.3271,0.049671755121410976,0.12076682712608733,0.25280845841593513,正常
2026-05-15,SSV122,时间序列红利增强1号,风格多头,红利指增,2026-05-13,1.4055,-0.005378246408605181,0.005292897503755167,0.03726937269372699,正常
2026-05-15,SLQ349,赢仕安盈二号,风格多头,转债集中,2026-05-13,1.96642259,-0.0010616595125675365,0.042796250416306414,0.09289913286030482,正常
2026-05-15,STE836,具力芒种1号,风格多头,转债分散,2026-05-08,1.68672565,0.01739203025674385,0.057646952093692194,0.06135506773229449,正常
2026-05-15,SGN799,玉数纯阿尔法一号,风格多头,300指增T0,2026-05-08,1.54912498,0.030453990911357476,0.14436325160547536,0.21662412503882722,正常
2026-05-15,SNY231,玉数顺利一号,风格多头,500指增T0,2026-05-08,1.98614404,0.05096893710874317,0.15771517545987845,0.23232862195197623,正常
2026-05-15,SZB966,玉数涵瑞专享十七号,风格多头,1000指增T0,2026-05-08,1.845213,0.053828792258175495,0.1877874552362837,0.24609197730956245,正常
2026-05-15,SACB34,龙旗科技创新精选1号,风格多头,双创指增,2026-05-08,2.3753,0.05367519850951519,0.22926046680122147,0.27239125776730244,正常
2026-05-15,SARD76,正仁股票择时一期,绝对收益,股票择时,2026-05-13,1.3779829,0.021982614510197118,0.030770527735626274,0.08476966071006853,正常
2026-05-15,SXG834,正仁双创择时一号,绝对收益,双创择时,2026-05-14,1.77619652,-0.0006496971228974191,0.08985506954699618,0.21175912129894936,正常
2026-05-15,SZC020,瀚鑫纸鸢量化优选,绝对收益,微盘择时,2026-05-08,2.745,0.006969919295671367,0.07017543859649122,0.05374280230326289,正常
2026-05-15,SBHP32,正仁择时量选听涛二号,绝对收益,灵活方向择时,2026-05-13,1.43054794,0.038790371220303266,0.09559990041671451,0.4758567419787476,正常
2026-05-15,AEU46B,旌安思源1号B类,绝对收益,短线择时,2026-05-13,1.2322,0.003992503870284381,0.015159004778381835,0.01775832163211355,正常
2026-05-15,SBDC67,创世纪顾锝灵活多策略1号,绝对收益,趋势策略,2026-05-13,1.0395,0.0137507314218841,0.017222820236813874,-0.0029733358910415397,正常
2026-05-15,SCJ476,立心-私募学院菁英353号,绝对收益,主线择时,2026-05-13,7.20970192,0.0688790664049761,0.14292768979800807,0.16102909493497597,正常
2026-05-15,VB166A,翔云50二号A类,绝对收益,大盘择时,2026-05-13,2.1128,0.011296189929159484,0.027976451126356272,0.0711823159602516,正常
2026-05-15,SQX078,特夫郁金香全量化,绝对收益,量化打板,2026-05-13,2.8057723,0.03255945517123804,0.052626514224923815,0.07395908030056164,正常
2026-05-15,SJD168,玉数涵瑞六号,绝对收益,300中性T0,2026-05-08,1.71385206,0.009647763812422605,0.027700570155010373,0.11734277542096327,正常
2026-05-15,SVZ009,铭跃行远均衡一号,商品类,量化时序CTA,2026-05-08,1.29457444,0.004945600598042166,0.0,0.02144285699846682,正常
2026-05-15,SXJ836,碳硅1号,商品类,化工主观,2026-05-13,1.56953971,0.008040510861106354,0.010748619409953752,-0.016684244048322583,正常
2026-05-15,SZM385,涌泉君安三号,商品类,黑色主观,2026-05-08,1.40915013,-0.011777577847886467,-0.003852587303831534,0.07659112995645212,正常
2026-05-15,SSR379,海鹏扬帆,商品类,农产品主观,2026-05-08,2.81296828,0.016211604591832796,0.030276818541681738,0.06624888242078697,正常
2026-05-15,SVZ638,格林基金鲲鹏6号,多策略,黄金大类,2026-05-13,8.2263,0.00591838980667414,-0.04902663460649215,0.0163454410674575,正常
2026-05-15,SARZ77,波克宏观配置1号,多策略,宏观大类,2026-05-08,1.52175251,0.01428279786743869,0.06826647078502579,0.14057301004347167,正常
2026-05-15,SAST37,国联证券陆联1号FOF,FOF组合类,低波私募FOF,2026-05-08,1.1003,0.010190965846492928,0.017094283188776593,0.029830674516067468,正常
2026-05-18,SATW62,顽岩量化选股1号,量选类,量化选股,2026-05-08,2.1602,0.05560985144644248,0.2061418202121721,0.25294356475842483,正常
2026-05-18,SAJJ91,积沐领航者,风格多头,1000指增,2026-05-14,2.099,0.0055089820359282005,0.05871078381922734,0.17466002574290695,正常
2026-05-18,SBCA75,太衍光年中证2000指数增强2号,风格多头,2000指增T0,2026-05-14,1.3025,0.011493360254717588,0.0865938099607908,0.22958557537996804,正常
2026-05-18,SSV122,时间序列红利增强1号,风格多头,红利指增,2026-05-14,1.396,-0.008733934530994913,-0.0049893086243764095,0.030258302583025865,正常
2026-05-18,SLQ349,赢仕安盈二号,风格多头,转债集中,2026-05-14,1.94343384,-0.015152746799556804,0.02405760505635568,0.08012243619891102,正常
2026-05-18,STE836,具力芒种1号,风格多头,转债分散,2026-05-08,1.68672565,0.01739203025674385,0.057646952093692194,0.06135506773229449,正常
2026-05-18,SGN799,玉数纯阿尔法一号,风格多头,300指增T0,2026-05-15,1.56240764,0.008574298504953504,0.08433853524805124,0.227055823455238,正常
2026-05-18,SNY231,玉数顺利一号,风格多头,500指增T0,2026-05-08,1.98614404,0.05096893710874317,0.15771517545987845,0.23232862195197623,正常
2026-05-18,SZB966,玉数涵瑞专享十七号,风格多头,1000指增T0,2026-05-08,1.845213,0.053828792258175495,0.1877874552362837,0.24609197730956245,正常
2026-05-18,SACB34,龙旗科技创新精选1号,风格多头,双创指增,2026-05-15,2.4127,0.01574537953100652,0.156227536301337,0.2924255410327834,正常
2026-05-18,SARD76,正仁股票择时一期,绝对收益,股票择时,2026-05-14,1.36367,0.001406935363734041,0.016294305392239306,0.07350232228607423,正常
2026-05-18,SXG834,正仁双创择时一号,绝对收益,双创择时,2026-05-14,1.77619652,-0.0006496971228974191,0.08985506954699618,0.21175912129894936,正常
2026-05-18,SZC020,瀚鑫纸鸢量化优选,绝对收益,微盘择时,2026-05-08,2.745,0.006969919295671367,0.07017543859649122,0.05374280230326289,正常
2026-05-18,SBHP32,正仁择时量选听涛二号,绝对收益,灵活方向择时,2026-05-14,1.40438337,0.0032710280407213244,0.050477044448585584,0.44886347879913324,正常
2026-05-18,AEU46B,旌安思源1号B类,绝对收益,短线择时,2026-05-14,1.2159,-0.009692132269099263,-0.0027066929133858775,0.004295035929627433,正常
2026-05-18,SBDC67,创世纪顾锝灵活多策略1号,绝对收益,趋势策略,2026-05-13,1.0395,0.0137507314218841,0.017222820236813874,-0.0029733358910415397,正常
2026-05-18,SCJ476,立心-私募学院菁英353号,绝对收益,主线择时,2026-05-14,7.17365563,0.040872989030146245,0.13234054396020767,0.15522430689812694,正常
2026-05-18,VB166A,翔云50二号A类,绝对收益,大盘择时,2026-05-14,2.0779,-0.01038243558603602,0.008738288266420868,0.05348813628067339,正常
2026-05-18,SQX078,特夫郁金香全量化,绝对收益,量化打板,2026-05-14,2.82141549,0.02496739514296742,0.05747789189390229,0.0799467885495051,正常
2026-05-18,SJD168,玉数涵瑞六号,绝对收益,300中性T0,2026-05-08,1.71385206,0.009647763812422605,0.027700570155010373,0.11734277542096327,正常
2026-05-18,SVZ009,铭跃行远均衡一号,商品类,量化时序CTA,2026-05-08,1.29457444,0.004945600598042166,0.0,0.02144285699846682,正常
2026-05-18,SXJ836,碳硅1号,商品类,化工主观,2026-05-14,1.56633067,0.013499283414455165,0.010457002696660389,-0.018694705824711333,正常
2026-05-18,SZM385,涌泉君安三号,商品类,黑色主观,2026-05-15,1.4245048,0.010896404629363365,-0.012953991130820408,0.08832210252884098,正常
2026-05-18,SSR379,海鹏扬帆,商品类,农产品主观,2026-05-08,2.81296828,0.016211604591832796,0.030276818541681738,0.06624888242078697,正常
2026-05-18,SVZ638,格林基金鲲鹏6号,多策略,黄金大类,2026-05-14,8.2273,-0.01028534308536233,-0.047380304521507544,0.016468989374845533,正常
2026-05-18,SARZ77,波克宏观配置1号,多策略,宏观大类,2026-05-15,1.53695677,0.009991283010927887,0.058840067946513974,0.1519687977814419,正常
2026-05-18,SAST37,国联证券陆联1号FOF,FOF组合类,低波私募FOF,2026-05-13,1.1063,0.01059651045948673,0.020383693045563644,0.03544640117888331,正常
2026-05-19,SATW62,顽岩量化选股1号,量选类,量化选股,2026-05-15,2.1213,-0.01800759188963985,0.11506518082422201,0.23038106838350458,正常
2026-05-19,SAJJ91,积沐领航者,风格多头,1000指增,2026-05-15,2.0841,-0.006672703874934571,0.055187079135233574,0.16632156248251162,正常
2026-05-19,SBCA75,太衍光年中证2000指数增强2号,风格多头,2000指增T0,2026-05-15,1.2954,-0.004686899731079497,0.08547008547008561,0.2228830359671483,正常
2026-05-19,SSV122,时间序列红利增强1号,风格多头,红利指增,2026-05-15,1.3893,-0.012860594003126335,-0.015937101572460644,0.025313653136531444,正常
2026-05-19,SLQ349,赢仕安盈二号,风格多头,转债集中,2026-05-15,1.93491353,-0.022258326336356826,0.01603917072732486,0.0753870149023621,正常
2026-05-19,STE836,具力芒种1号,风格多头,转债分散,2026-05-15,1.65315551,-0.019902549060068053,0.013319670762033997,0.04023139642660056,正常
2026-05-19,SGN799,玉数纯阿尔法一号,风格多头,300指增T0,2026-05-15,1.56240764,0.008574298504953504,0.08433853524805124,0.227055823455238,正常
2026-05-19,SNY231,玉数顺利一号,风格多头,500指增T0,2026-05-15,1.95938787,-0.013471414691554884,0.08180223515726981,0.21572741204938883,正常
2026-05-19,SZB966,玉数涵瑞专享十七号,风格多头,1000指增T0,2026-05-15,1.85053368,0.002883504505983847,0.11535642146409364,0.24968508914100496,正常
2026-05-19,SACB34,龙旗科技创新精选1号,风格多头,双创指增,2026-05-15,2.4127,0.01574537953100652,0.156227536301337,0.2924255410327834,正常
2026-05-19,SARD76,正仁股票择时一期,绝对收益,股票择时,2026-05-15,1.3637827,-0.0053427585073155814,0.018002860267519072,0.07359104148626305,正常
2026-05-19,SXG834,正仁双创择时一号,绝对收益,双创择时,2026-05-18,1.77745624,-0.016324871128191143,0.06698595274058494,0.21261852913085,正常
2026-05-19,SZC020,瀚鑫纸鸢量化优选,绝对收益,微盘择时,2026-05-08,2.745,0.006969919295671367,0.07017543859649122,0.05374280230326289,正常
2026-05-19,SBHP32,正仁择时量选听涛二号,绝对收益,灵活方向择时,2026-05-15,1.40765394,0.002095456783929528,0.05215123832879853,0.4522376354069948,正常
2026-05-19,AEU46B,旌安思源1号B类,绝对收益,短线择时,2026-05-15,1.2108,-0.004603748766852878,-0.0032106693010618415,8.259684480060869e-05,正常
2026-05-19,SBDC67,创世纪顾锝灵活多策略1号,绝对收益,趋势策略,2026-05-15,1.0297,-0.002035278154681186,0.004291426899444062,-0.012372913869173163,正常
2026-05-19,SCJ476,立心-私募学院菁英353号,绝对收益,主线择时,2026-05-15,7.12603894,0.028848624971828496,0.12855028620843334,0.14755625583194654,正常
2026-05-19,VB166A,翔云50二号A类,绝对收益,大盘择时,2026-05-15,2.0605,-0.01656166475754106,0.005269063765429127,0.04466639626850544,正常
2026-05-19,SQX078,特夫郁金香全量化,绝对收益,量化打板,2026-05-15,2.79012911,0.00498798923833732,0.04938271470283251,0.06797137205161818,正常
2026-05-19,SJD168,玉数涵瑞六号,绝对收益,300中性T0,2026-05-08,1.71385206,0.009647763812422605,0.027700570155010373,0.11734277542096327,正常
2026-05-19,SVZ009,铭跃行远均衡一号,商品类,量化时序CTA,2026-05-15,1.29584862,0.000984246220711471,0.018018014974704677,0.02244820827014049,正常
2026-05-19,SXJ836,碳硅1号,商品类,化工主观,2026-05-15,1.56617022,0.00805794227955925,0.007433698850291215,-0.018795227660531766,正常
2026-05-19,SZM385,涌泉君安三号,商品类,黑色主观,2026-05-15,1.4245048,0.010896404629363365,-0.012953991130820408,0.08832210252884098,正常
2026-05-19,SSR379,海鹏扬帆,商品类,农产品主观,2026-05-15,2.77754047,-0.01259445769505807,0.01994796361901008,0.052820055978735514,正常
2026-05-19,SVZ638,格林基金鲲鹏6号,多策略,黄金大类,2026-05-15,8.0517,-0.035320194093332535,-0.08603114783872134,-0.005226093402520227,正常
2026-05-19,SARZ77,波克宏观配置1号,多策略,宏观大类,2026-05-15,1.53695677,0.009991283010927887,0.058840067946513974,0.1519687977814419,正常
2026-05-19,SAST37,国联证券陆联1号FOF,FOF组合类,低波私募FOF,2026-05-13,1.1063,0.01059651045948673,0.020383693045563644,0.03544640117888331,正常
2026-05-21,SATW62,顽岩量化选股1号,量选类,量化选股,2026-05-15,2.1213,-0.01800759188963985,0.11506518082422201,0.23038106838350458,正常
2026-05-21,SAJJ91,积沐领航者,风格多头,1000指增,2026-05-20,2.1229,-0.006319041378019086,0.04643367673879806,0.18803514466394322,正常
2026-05-21,SBCA75,太衍光年中证2000指数增强2号,风格多头,2000指增T0,2026-05-20,1.3119,-0.011453545324391468,0.06235322698194179,0.23845935995468714,正常
2026-05-21,SSV122,时间序列红利增强1号,风格多头,红利指增,2026-05-20,1.372,-0.023834934187121903,-0.029291071175887806,0.012546125461254665,正常
2026-05-21,SLQ349,赢仕安盈二号,风格多头,转债集中,2026-05-20,1.96047445,-0.003024853370912517,0.010774970676832307,0.08959327323420507,正常
2026-05-21,STE836,具力芒种1号,风格多头,转债分散,2026-05-15,1.65315551,-0.019902549060068053,0.013319670762033997,0.04023139642660056,正常
2026-05-21,SGN799,玉数纯阿尔法一号,风格多头,300指增T0,2026-05-15,1.56240764,0.008574298504953504,0.08433853524805124,0.227055823455238,正常
2026-05-21,SNY231,玉数顺利一号,风格多头,500指增T0,2026-05-19,1.99088725,0.0023881500558238233,0.06573843175786198,0.23527160761928423,正常
2026-05-21,SZB966,玉数涵瑞专享十七号,风格多头,1000指增T0,2026-05-15,1.85053368,0.002883504505983847,0.11535642146409364,0.24968508914100496,正常
2026-05-21,SACB34,龙旗科技创新精选1号,风格多头,双创指增,2026-05-15,2.4127,0.01574537953100652,0.156227536301337,0.2924255410327834,正常
2026-05-21,SARD76,正仁股票择时一期,绝对收益,股票择时,2026-05-20,1.364797,-0.009568986668847534,0.009334889148191472,0.07438951428796359,正常
2026-05-21,SXG834,正仁双创择时一号,绝对收益,双创择时,2026-05-20,1.78322992,-0.021317049592631254,0.05824819114224322,0.21655745667894655,正常
2026-05-21,SZC020,瀚鑫纸鸢量化优选,绝对收益,微盘择时,2026-05-15,2.695,-0.01821493624772319,0.018903591682419618,0.03454894433781175,正常
2026-05-21,SBHP32,正仁择时量选听涛二号,绝对收益,灵活方向择时,2026-05-20,1.3982783,-0.022557538337373062,-0.007429191559435333,0.44256504694109156,正常
2026-05-21,AEU46B,旌安思源1号B类,绝对收益,短线择时,2026-05-20,1.1938,-0.031163772114916388,-0.019224449556358936,-0.013958866771289435,正常
2026-05-21,SBDC67,创世纪顾锝灵活多策略1号,绝对收益,趋势策略,2026-05-20,1.0232,-0.01568061568061563,-0.009678668215253428,-0.018607327834260334,正常
2026-05-21,SCJ476,立心-私募学院菁英353号,绝对收益,主线择时,2026-05-20,7.13805437,-0.009937657727741356,0.11443062618760091,0.14949118517756288,正常
2026-05-21,VB166A,翔云50二号A类,绝对收益,大盘择时,2026-05-20,2.0577,-0.02607913669064743,-0.005749903362968545,0.04324680592171992,正常
2026-05-21,SQX078,特夫郁金香全量化,绝对收益,量化打板,2026-05-20,2.79705315,-0.0031075757644339896,0.03836633917442356,0.07062167109062578,正常
2026-05-21,SJD168,玉数涵瑞六号,绝对收益,300中性T0,2026-05-08,1.71385206,0.009647763812422605,0.027700570155010373,0.11734277542096327,正常
2026-05-21,SVZ009,铭跃行远均衡一号,商品类,量化时序CTA,2026-05-15,1.29584862,0.000984246220711471,0.018018014974704677,0.02244820827014049,正常
2026-05-21,SXJ836,碳硅1号,商品类,化工主观,2026-05-20,1.57531597,0.003680225459220754,0.015727831184638053,-0.013065420368816416,正常
2026-05-21,SZM385,涌泉君安三号,商品类,黑色主观,2026-05-15,1.4245048,0.010896404629363365,-0.012953991130820408,0.08832210252884098,正常
2026-05-21,SSR379,海鹏扬帆,商品类,农产品主观,2026-05-15,2.77754047,-0.01259445769505807,0.01994796361901008,0.052820055978735514,正常
2026-05-21,SVZ638,格林基金鲲鹏6号,多策略,黄金大类,2026-05-20,7.6702,-0.06760025771002753,-0.13008664882275545,-0.052359772671114246,正常
2026-05-21,SARZ77,波克宏观配置1号,多策略,宏观大类,2026-05-15,1.53695677,0.009991283010927887,0.058840067946513974,0.1519687977814419,正常
2026-05-21,SAST37,国联证券陆联1号FOF,FOF组合类,低波私募FOF,2026-05-18,1.0973,-0.005528366866050405,0.009104285451535743,0.027022811184659323,正常
2026-05-22,SATW62,顽岩量化选股1号,量选类,量化选股,2026-05-15,2.1213,-0.01800759188963985,0.11506518082422201,0.23038106838350458,正常
2026-05-22,SAJJ91,积沐领航者,风格多头,1000指增,2026-05-21,2.056,-0.0204859456884231,0.01656365883807176,0.15059600425317599,正常
2026-05-22,SBCA75,太衍光年中证2000指数增强2号,风格多头,2000指增T0,2026-05-21,1.2681,-0.026410748560460662,0.027550441617373078,0.1971112999150384,正常
2026-05-22,SSV122,时间序列红利增强1号,风格多头,红利指增,2026-05-21,1.3559,-0.028724928366761993,-0.04574565416285448,0.0006642066420665671,正常
2026-05-22,SLQ349,赢仕安盈二号,风格多头,转债集中,2026-05-21,1.94584524,0.001240793460712819,0.007575123495763725,0.08146264505451595,正常
2026-05-22,STE836,具力芒种1号,风格多头,转债分散,2026-05-15,1.65315551,-0.019902549060068053,0.013319670762033997,0.04023139642660056,正常
2026-05-22,SGN799,玉数纯阿尔法一号,风格多头,300指增T0,2026-05-15,1.56240764,0.008574298504953504,0.08433853524805124,0.227055823455238,正常
2026-05-22,SNY231,玉数顺利一号,风格多头,500指增T0,2026-05-19,1.99088725,0.0023881500558238233,0.06573843175786198,0.23527160761928423,正常
2026-05-22,SZB966,玉数涵瑞专享十七号,风格多头,1000指增T0,2026-05-15,1.85053368,0.002883504505983847,0.11535642146409364,0.24968508914100496,正常
2026-05-22,SACB34,龙旗科技创新精选1号,风格多头,双创指增,2026-05-15,2.4127,0.01574537953100652,0.156227536301337,0.2924255410327834,正常
2026-05-22,SARD76,正仁股票择时一期,绝对收益,股票择时,2026-05-20,1.364797,-0.009568986668847534,0.009334889148191472,0.07438951428796359,正常
2026-05-22,SXG834,正仁双创择时一号,绝对收益,双创择时,2026-05-21,1.71803973,-0.032742317274667254,0.026145836152979163,0.1720833196889071,正常
2026-05-22,SZC020,瀚鑫纸鸢量化优选,绝对收益,微盘择时,2026-05-15,2.695,-0.01821493624772319,0.018903591682419618,0.03454894433781175,正常
2026-05-22,SBHP32,正仁择时量选听涛二号,绝对收益,灵活方向择时,2026-05-21,1.38846659,-0.011333643177503516,-0.010258001331710953,0.43244257711750733,正常
2026-05-22,AEU46B,旌安思源1号B类,绝对收益,短线择时,2026-05-21,1.1861,-0.024508594456780997,-0.02722873780037738,-0.0203188238209302,正常
2026-05-22,SBDC67,创世纪顾锝灵活多策略1号,绝对收益,趋势策略,2026-05-21,1.0144,-0.02414622414622425,-0.01905038197466402,-0.027047765202378726,正常
2026-05-22,SCJ476,立心-私募学院菁英353号,绝对收益,主线择时,2026-05-21,6.90442104,-0.03753101680460791,0.07385105193160446,0.11186756402284193,正常
2026-05-22,VB166A,翔云50二号A类,绝对收益,大盘择时,2026-05-21,2.0433,-0.016651426921411083,-0.01427951179506981,0.035946055566822066,正常
2026-05-22,SQX078,特夫郁金香全量化,绝对收益,量化打板,2026-05-21,2.77576816,-0.016178875518968683,0.028115503594050795,0.062474463890452636,正常
2026-05-22,SJD168,玉数涵瑞六号,绝对收益,300中性T0,2026-05-08,1.71385206,0.009647763812422605,0.027700570155010373,0.11734277542096327,正常
2026-05-22,SVZ009,铭跃行远均衡一号,商品类,量化时序CTA,2026-05-15,1.29584862,0.000984246220711471,0.018018014974704677,0.02244820827014049,正常
2026-05-22,SXJ836,碳硅1号,商品类,化工主观,2026-05-21,1.56873745,0.0015365720955970996,0.01495121964695767,-0.017186859492419826,正常
2026-05-22,SZM385,涌泉君安三号,商品类,黑色主观,2026-05-15,1.4245048,0.010896404629363365,-0.012953991130820408,0.08832210252884098,正常
2026-05-22,SSR379,海鹏扬帆,商品类,农产品主观,2026-05-15,2.77754047,-0.01259445769505807,0.01994796361901008,0.052820055978735514,正常
2026-05-22,SVZ638,格林基金鲲鹏6号,多策略,黄金大类,2026-05-20,7.6702,-0.06760025771002753,-0.13008664882275545,-0.052359772671114246,正常
2026-05-22,SARZ77,波克宏观配置1号,多策略,宏观大类,2026-05-15,1.53695677,0.009991283010927887,0.058840067946513974,0.1519687977814419,正常
2026-05-22,SAST37,国联证券陆联1号FOF,FOF组合类,低波私募FOF,2026-05-18,1.0973,-0.005528366866050405,0.009104285451535743,0.027022811184659323,正常
2026-05-25,SATW62,顽岩量化选股1号,量选类,量化选股,2026-05-22,2.1432,0.010323858011596743,0.07996976568405145,0.24308334783365249,正常
2026-05-25,SAJJ91,积沐领航者,风格多头,1000指增,2026-05-22,2.1042,0.009644450842090313,0.02965355255431601,0.17757009345794406,正常
2026-05-25,SBCA75,太衍光年中证2000指数增强2号,风格多头,2000指增T0,2026-05-22,1.3021,0.005172147599197041,0.04552754135217607,0.2292079675257246,正常
2026-05-25,SSV122,时间序列红利增强1号,风格多头,红利指增,2026-05-22,1.3536,-0.02569639386741529,-0.04642479746389583,-0.0010332103321033514,正常
2026-05-25,SLQ349,赢仕安盈二号,风格多头,转债集中,2026-05-22,1.9573648,0.011603242032216299,0.005006737450350629,0.08786499071457676,正常
2026-05-25,STE836,具力芒种1号,风格多头,转债分散,2026-05-22,1.66736362,0.008594539300177617,0.004953406127444326,0.049171706044467633,正常
2026-05-25,SGN799,玉数纯阿尔法一号,风格多头,300指增T0,2026-05-22,1.5816251,0.012299901452094808,0.07408118349372583,0.24214848915995635,正常
2026-05-25,SNY231,玉数顺利一号,风格多头,500指增T0,2026-05-22,2.00072167,0.021064036618194226,0.07100287822415363,0.2413735000310231,正常
2026-05-25,SZB966,玉数涵瑞专享十七号,风格多头,1000指增T0,2026-05-22,1.87546488,0.013472437853711439,0.08114976767094717,0.266521393841167,正常
2026-05-25,SACB34,龙旗科技创新精选1号,风格多头,双创指增,2026-05-22,2.4506,0.015708542297011574,0.114973383684426,0.31272766230983495,正常
2026-05-25,SARD76,正仁股票择时一期,绝对收益,股票择时,2026-05-22,1.3585985,-0.0038013387323361236,0.004081292686989757,0.06950995827757223,正常
2026-05-25,SXG834,正仁双创择时一号,绝对收益,双创择时,2026-05-22,1.76128991,-0.0018442496681735365,0.03856391585264363,0.20158951425842542,正常
2026-05-25,SZC020,瀚鑫纸鸢量化优选,绝对收益,微盘择时,2026-05-15,2.695,-0.01821493624772319,0.018903591682419618,0.03454894433781175,正常
2026-05-25,SBHP32,正仁择时量选听涛二号,绝对收益,灵活方向择时,2026-05-22,1.4028571,-0.003407684135775635,-0.014324019442152114,0.4472888682554421,正常
2026-05-25,AEU46B,旌安思源1号B类,绝对收益,短线择时,2026-05-22,1.187,-0.019656425503799202,-0.029356447788044804,-0.019575452217725275,正常
2026-05-25,SBDC67,创世纪顾锝灵活多策略1号,绝对收益,趋势策略,2026-05-22,1.0194,-0.010002913469942643,-0.01772981306610133,-0.022252062152311458,正常
2026-05-25,SCJ476,立心-私募学院菁英353号,绝对收益,主线择时,2026-05-22,7.13938941,0.0018734769922545969,0.10155177081290367,0.1497061760745655,正常
2026-05-25,VB166A,翔云50二号A类,绝对收益,大盘择时,2026-05-22,2.0618,0.0006309148264982412,-0.007509386733416834,0.0453254917866559,正常
2026-05-25,SQX078,特夫郁金香全量化,绝对收益,量化打板,2026-05-22,2.77653749,-0.004871322961825242,0.029476084799994418,0.06276893858437105,正常
2026-05-25,SJD168,玉数涵瑞六号,绝对收益,300中性T0,2026-05-08,1.71385206,0.009647763812422605,0.027700570155010373,0.11734277542096327,正常
2026-05-25,SVZ009,铭跃行远均衡一号,商品类,量化时序CTA,2026-05-22,1.27928419,-0.012782689076753284,-0.0019880677707234673,0.009378570726739754,正常
2026-05-25,SXJ836,碳硅1号,商品类,化工主观,2026-05-22,1.57563688,0.006044464311165232,0.020262366279862,-0.012864370432180805,正常
2026-05-25,SZM385,涌泉君安三号,商品类,黑色主观,2026-05-22,1.40027322,-0.017010528851850726,-0.026438698463463695,0.06980916800366721,正常
2026-05-25,SSR379,海鹏扬帆,商品类,农产品主观,2026-05-22,2.75392193,-0.008503400852337473,0.006039689756181632,0.0438675050173678,正常
2026-05-25,SVZ638,格林基金鲲鹏6号,多策略,黄金大类,2026-05-20,7.6702,-0.06760025771002753,-0.13008664882275545,-0.052359772671114246,正常
2026-05-25,SARZ77,波克宏观配置1号,多策略,宏观大类,2026-05-22,1.53481389,-0.0013942357012423079,0.022223734097956083,0.15036268175685796,正常
2026-05-25,SAST37,国联证券陆联1号FOF,FOF组合类,低波私募FOF,2026-05-18,1.0973,-0.005528366866050405,0.009104285451535743,0.027022811184659323,正常
2026-05-26,SATW62,顽岩量化选股1号,量选类,量化选股,2026-05-22,2.1432,0.010323858011596743,0.07996976568405145,0.24308334783365249,正常
2026-05-26,SAJJ91,积沐领航者,风格多头,1000指增,2026-05-25,2.1164,0.008385744234800763,0.05635138507611681,0.18439756002014662,正常
2026-05-26,SBCA75,太衍光年中证2000指数增强2号,风格多头,2000指增T0,2026-05-25,1.3047,0.0033838344997307868,0.07091849298202413,0.2316624185783065,正常
2026-05-26,SSV122,时间序列红利增强1号,风格多头,红利指增,2026-05-22,1.3536,-0.02569639386741529,-0.04642479746389583,-0.0010332103321033514,正常
2026-05-26,SLQ349,赢仕安盈二号,风格多头,转债集中,2026-05-25,1.96047445,0.010691200433972314,0.013631449959149888,0.08959327323420507,正常
2026-05-26,STE836,具力芒种1号,风格多头,转债分散,2026-05-22,1.66736362,0.008594539300177617,0.004953406127444326,0.049171706044467633,正常
2026-05-26,SGN799,玉数纯阿尔法一号,风格多头,300指增T0,2026-05-22,1.5816251,0.012299901452094808,0.07408118349372583,0.24214848915995635,正常
2026-05-26,SNY231,玉数顺利一号,风格多头,500指增T0,2026-05-22,2.00072167,0.021064036618194226,0.07100287822415363,0.2413735000310231,正常
2026-05-26,SZB966,玉数涵瑞专享十七号,风格多头,1000指增T0,2026-05-22,1.87546488,0.013472437853711439,0.08114976767094717,0.266521393841167,正常
2026-05-26,SACB34,龙旗科技创新精选1号,风格多头,双创指增,2026-05-22,2.4506,0.015708542297011574,0.114973383684426,0.31272766230983495,正常
2026-05-26,SARD76,正仁股票择时一期,绝对收益,股票择时,2026-05-25,1.3610779,-0.0024779053440159293,0.013936697170682466,0.07146178068172859,正常
2026-05-26,SXG834,正仁双创择时一号,绝对收益,双创择时,2026-05-25,1.77787614,0.00023623647691040084,0.07047594876080243,0.21290499386000827,正常
2026-05-26,SZC020,瀚鑫纸鸢量化优选,绝对收益,微盘择时,2026-05-22,2.658,-0.013729128014842273,0.00529500756429635,0.020345489443378106,正常
2026-05-26,SBHP32,正仁择时量选听涛二号,绝对收益,灵活方向择时,2026-05-25,1.40503749,-0.003248259850913038,0.00452065846352423,0.4495383163107396,正常
2026-05-26,AEU46B,旌安思源1号B类,绝对收益,短线择时,2026-05-25,1.1847,-0.014966325767024169,-0.03281900563311291,-0.0214751796481375,正常
2026-05-26,SBDC67,创世纪顾锝灵活多策略1号,绝对收益,趋势策略,2026-05-25,1.0296,0.005468750000000133,0.012190326386158024,-0.012468827930174453,正常
2026-05-26,SCJ476,立心-私募学院菁英353号,绝对收益,主线择时,2026-05-25,7.28001442,0.022885011617210793,0.1233262375774058,0.17235201218501617,正常
2026-05-26,VB166A,翔云50二号A类,绝对收益,大盘择时,2026-05-25,2.0752,0.010468909772605617,0.011651148052454596,0.05211924558913017,正常
2026-05-26,SQX078,特夫郁金香全量化,绝对收益,量化打板,2026-05-25,2.83526356,0.015336578052161931,0.05476054319590107,0.08524738279984323,正常
2026-05-26,SJD168,玉数涵瑞六号,绝对收益,300中性T0,2026-05-08,1.71385206,0.009647763812422605,0.027700570155010373,0.11734277542096327,正常
2026-05-26,SVZ009,铭跃行远均衡一号,商品类,量化时序CTA,2026-05-22,1.27928419,-0.012782689076753284,-0.0019880677707234673,0.009378570726739754,正常
2026-05-26,SXJ836,碳硅1号,商品类,化工主观,2026-05-25,1.56296118,-0.002662026890086544,0.010584607520570888,-0.020805689436920405,正常
2026-05-26,SZM385,涌泉君安三号,商品类,黑色主观,2026-05-22,1.40027322,-0.017010528851850726,-0.026438698463463695,0.06980916800366721,正常
2026-05-26,SSR379,海鹏扬帆,商品类,农产品主观,2026-05-22,2.75392193,-0.008503400852337473,0.006039689756181632,0.0438675050173678,正常
2026-05-26,SVZ638,格林基金鲲鹏6号,多策略,黄金大类,2026-05-25,7.83,0.0036531436262257078,-0.08006814310051102,-0.032616753150481737,正常
2026-05-26,SARZ77,波克宏观配置1号,多策略,宏观大类,2026-05-22,1.53481389,-0.0013942357012423079,0.022223734097956083,0.15036268175685796,正常
2026-05-26,SAST37,国联证券陆联1号FOF,FOF组合类,低波私募FOF,2026-05-18,1.0973,-0.005528366866050405,0.009104285451535743,0.027022811184659323,正常
2026-05-27,SATW62,顽岩量化选股1号,量选类,量化选股,2026-05-22,2.1432,0.010323858011596743,0.07996976568405145,0.24308334783365249,正常
2026-05-27,SAJJ91,积沐领航者,风格多头,1000指增,2026-05-26,2.0889,-0.017727828458572237,0.042625405540304584,0.16900777883485385,正常
2026-05-27,SBCA75,太衍光年中证2000指数增强2号,风格多头,2000指增T0,2026-05-26,1.2846,-0.024230915305734957,0.054420093573011696,0.21268762390257723,正常
2026-05-27,SSV122,时间序列红利增强1号,风格多头,红利指增,2026-05-26,1.3529,-0.021268899659987017,-0.03967915956842705,-0.0015498154981550272,正常
2026-05-27,SLQ349,赢仕安盈二号,风格多头,转债集中,2026-05-26,1.94295155,-0.013790291401933219,0.004571519321191708,0.07985438886998608,正常
2026-05-27,STE836,具力芒种1号,风格多头,转债分散,2026-05-22,1.66736362,0.008594539300177617,0.004953406127444326,0.049171706044467633,正常
2026-05-27,SGN799,玉数纯阿尔法一号,风格多头,300指增T0,2026-05-22,1.5816251,0.012299901452094808,0.07408118349372583,0.24214848915995635,正常
2026-05-27,SNY231,玉数顺利一号,风格多头,500指增T0,2026-05-22,2.00072167,0.021064036618194226,0.07100287822415363,0.2413735000310231,正常
2026-05-27,SZB966,玉数涵瑞专享十七号,风格多头,1000指增T0,2026-05-22,1.87546488,0.013472437853711439,0.08114976767094717,0.266521393841167,正常
2026-05-27,SACB34,龙旗科技创新精选1号,风格多头,双创指增,2026-05-22,2.4506,0.015708542297011574,0.114973383684426,0.31272766230983495,正常
2026-05-27,SARD76,正仁股票择时一期,绝对收益,股票择时,2026-05-26,1.3485682,-0.013601516775204048,0.004617580387876741,0.06161394946075749,正常
2026-05-27,SXG834,正仁双创择时一号,绝对收益,双创择时,2026-05-26,1.74396884,-0.022074406775754896,0.05006004445747059,0.18977271114749628,正常
2026-05-27,SZC020,瀚鑫纸鸢量化优选,绝对收益,微盘择时,2026-05-22,2.658,-0.013729128014842273,0.00529500756429635,0.020345489443378106,正常
2026-05-27,SBHP32,正仁择时量选听涛二号,绝对收益,灵活方向择时,2026-05-26,1.39675204,-0.006205395994784757,-0.001402959766525047,0.44099044671412346,正常
2026-05-27,AEU46B,旌安思源1号B类,绝对收益,短线择时,2026-05-26,1.1767,-0.014654161781945896,-0.039350151032737424,-0.028082927232179755,正常
2026-05-27,SBDC67,创世纪顾锝灵活多策略1号,绝对收益,趋势策略,2026-05-26,1.0281,0.004396248534583869,0.010715690129767808,-0.013907538845194689,正常
2026-05-27,SCJ476,立心-私募学院菁英353号,绝对收益,主线择时,2026-05-26,7.25019836,0.01545749149816067,0.11872553755582782,0.1675505219791178,正常
2026-05-27,VB166A,翔云50二号A类,绝对收益,大盘择时,2026-05-26,2.0755,0.0051334205046247305,0.011797396772778246,0.05227134455485705,正常
2026-05-27,SQX078,特夫郁金香全量化,绝对收益,量化打板,2026-05-26,2.83603289,0.012450790499985986,0.05504674548768973,0.08554185749376164,正常
2026-05-27,SJD168,玉数涵瑞六号,绝对收益,300中性T0,2026-05-08,1.71385206,0.009647763812422605,0.027700570155010373,0.11734277542096327,正常
2026-05-27,SVZ009,铭跃行远均衡一号,商品类,量化时序CTA,2026-05-22,1.27928419,-0.012782689076753284,-0.0019880677707234673,0.009378570726739754,正常
2026-05-27,SXJ836,碳硅1号,商品类,化工主观,2026-05-26,1.54338606,-0.018669657303301945,-0.0020723382919720645,-0.033069491236904724,正常
2026-05-27,SZM385,涌泉君安三号,商品类,黑色主观,2026-05-22,1.40027322,-0.017010528851850726,-0.026438698463463695,0.06980916800366721,正常
2026-05-27,SSR379,海鹏扬帆,商品类,农产品主观,2026-05-22,2.75392193,-0.008503400852337473,0.006039689756181632,0.0438675050173678,正常
2026-05-27,SVZ638,格林基金鲲鹏6号,多策略,黄金大类,2026-05-25,7.83,0.0036531436262257078,-0.08006814310051102,-0.032616753150481737,正常
2026-05-27,SARZ77,波克宏观配置1号,多策略,宏观大类,2026-05-22,1.53481389,-0.0013942357012423079,0.022223734097956083,0.15036268175685796,正常
2026-05-27,SAST37,国联证券陆联1号FOF,FOF组合类,低波私募FOF,2026-05-18,1.0973,-0.005528366866050405,0.009104285451535743,0.027022811184659323,正常
2026-05-28,SATW62,顽岩量化选股1号,量选类,量化选股,2026-05-22,2.1432,0.010323858011596743,0.07996976568405145,0.24308334783365249,正常
2026-05-28,SAJJ91,积沐领航者,风格多头,1000指增,2026-05-27,2.0461,-0.03617692778746051,0.013723741577487125,0.14505568302647043,正常
2026-05-28,SBCA75,太衍光年中证2000指数增强2号,风格多头,2000指增T0,2026-05-27,1.2585,-0.04070432197576046,0.022505687357815995,0.18804871141319746,正常
2026-05-28,SSV122,时间序列红利增强1号,风格多头,红利指增,2026-05-27,1.3405,-0.022959183673469497,-0.04441117764471059,-0.010701107011070077,正常
2026-05-28,SLQ349,赢仕安盈二号,风格多头,转债集中,2026-05-27,1.92237421,-0.01943419359533094,-0.009853439912592354,0.0684179066220012,正常
2026-05-28,STE836,具力芒种1号,风格多头,转债分散,2026-05-22,1.66736362,0.008594539300177617,0.004953406127444326,0.049171706044467633,正常
2026-05-28,SGN799,玉数纯阿尔法一号,风格多头,300指增T0,2026-05-22,1.5816251,0.012299901452094808,0.07408118349372583,0.24214848915995635,正常
2026-05-28,SNY231,玉数顺利一号,风格多头,500指增T0,2026-05-22,2.00072167,0.021064036618194226,0.07100287822415363,0.2413735000310231,正常
2026-05-28,SZB966,玉数涵瑞专享十七号,风格多头,1000指增T0,2026-05-22,1.87546488,0.013472437853711439,0.08114976767094717,0.266521393841167,正常
2026-05-28,SACB34,龙旗科技创新精选1号,风格多头,双创指增,2026-05-22,2.4506,0.015708542297011574,0.114973383684426,0.31272766230983495,正常
2026-05-28,SARD76,正仁股票择时一期,绝对收益,股票择时,2026-05-27,1.3427078,-0.016184971098266,-0.0025952281289243206,0.057000551050932824,正常
2026-05-28,SXG834,正仁双创择时一号,绝对收益,双创择时,2026-05-27,1.73021697,-0.02972861177654529,0.03218938297622009,0.1803908923454769,正常
2026-05-28,SZC020,瀚鑫纸鸢量化优选,绝对收益,微盘择时,2026-05-22,2.658,-0.013729128014842273,0.00529500756429635,0.020345489443378106,正常
2026-05-28,SBHP32,正仁择时量选听涛二号,绝对收益,灵活方向择时,2026-05-27,1.39631596,-0.0014033973065306071,-0.003113323679714064,0.44054055503971923,正常
2026-05-28,AEU46B,旌安思源1号B类,绝对收益,短线择时,2026-05-27,1.1815,-0.010303233372424225,-0.03472222222222221,-0.024118278681754424,正常
2026-05-28,SBDC67,创世纪顾锝灵活多策略1号,绝对收益,趋势策略,2026-05-27,1.0287,0.0053752931978106044,0.013098286389600089,-0.013332054479186617,正常
2026-05-28,SCJ476,立心-私募学院菁英353号,绝对收益,主线择时,2026-05-27,7.25153341,0.015897755062910912,0.10963568236980947,0.1677655144864909,正常
2026-05-28,VB166A,翔云50二号A类,绝对收益,大盘择时,2026-05-27,2.0446,-0.006366331340817433,-0.0043825477210751584,0.036605151084972753,正常
2026-05-28,SQX078,特夫郁金香全量化,绝对收益,量化打板,2026-05-27,2.83475066,0.01347758086041373,0.05136009024081467,0.08505106123366102,正常
2026-05-28,SJD168,玉数涵瑞六号,绝对收益,300中性T0,2026-05-08,1.71385206,0.009647763812422605,0.027700570155010373,0.11734277542096327,正常
2026-05-28,SVZ009,铭跃行远均衡一号,商品类,量化时序CTA,2026-05-22,1.27928419,-0.012782689076753284,-0.0019880677707234673,0.009378570726739754,正常
2026-05-28,SXJ836,碳硅1号,商品类,化工主观,2026-05-27,1.54450922,-0.019555918042270637,0.0018760105500383872,-0.032365832121166616,正常
2026-05-28,SZM385,涌泉君安三号,商品类,黑色主观,2026-05-22,1.40027322,-0.017010528851850726,-0.026438698463463695,0.06980916800366721,正常
2026-05-28,SSR379,海鹏扬帆,商品类,农产品主观,2026-05-22,2.75392193,-0.008503400852337473,0.006039689756181632,0.0438675050173678,正常
2026-05-28,SVZ638,格林基金鲲鹏6号,多策略,黄金大类,2026-05-26,7.9269,0.00675667094250465,-0.06868354579098868,-0.02064492216456626,正常
2026-05-28,SARZ77,波克宏观配置1号,多策略,宏观大类,2026-05-22,1.53481389,-0.0013942357012423079,0.022223734097956083,0.15036268175685796,正常
2026-05-28,SAST37,国联证券陆联1号FOF,FOF组合类,低波私募FOF,2026-05-18,1.0973,-0.005528366866050405,0.009104285451535743,0.027022811184659323,正常
2026-06-04,SATW62,顽岩量化选股1号,量选类,量化选股,2026-05-29,2.0685,-0.034854423292273395,0.030591400528125146,0.19975639464068196,正常
2026-06-04,SAJJ91,积沐领航者,风格多头,1000指增,2026-06-03,2.0086,-0.018327549973119583,-0.007216291024120247,0.1240696177737981,正常
2026-06-04,SBCA75,太衍光年中证2000指数增强2号,风格多头,2000指增T0,2026-06-03,1.2441,-0.011442193087008334,0.004116222760290444,0.17445482866043616,正常
2026-06-04,SSV122,时间序列红利增强1号,风格多头,红利指增,2026-06-03,1.3515,0.008205893323386615,-0.04101326899879376,-0.0025830258302583786,正常
2026-06-04,SLQ349,赢仕安盈二号,风格多头,转债集中,2026-06-03,1.93523505,0.0066900814280066445,-0.0025685662032840506,0.0755657094164428,正常
2026-06-04,STE836,具力芒种1号,风格多头,转债分散,2026-05-29,1.64075824,-0.015956555415308826,-0.006745927429041898,0.03243053957679498,正常
2026-06-04,SGN799,玉数纯阿尔法一号,风格多头,300指增T0,2026-05-29,1.59307079,0.00723666436502568,0.07432818981835565,0.2511375008675307,正常
2026-06-04,SNY231,玉数顺利一号,风格多头,500指增T0,2026-05-29,1.95757672,-0.021564693703747362,0.03383992232799704,0.21460366073090542,正常
2026-06-04,SZB966,玉数涵瑞专享十七号,风格多头,1000指增T0,2026-05-29,1.82225805,-0.028369942070042842,0.06004598656669824,0.23059025526742305,正常
2026-06-04,SACB34,龙旗科技创新精选1号,风格多头,双创指增,2026-05-29,2.4037,-0.019138170244021868,0.08809017246842621,0.28760445682451263,正常
2026-06-04,SARD76,正仁股票择时一期,绝对收益,股票择时,2026-06-03,1.3233234,-0.014436797045492611,-0.01468490391877142,0.04174084861843674,正常
2026-06-04,SXG834,正仁双创择时一号,绝对收益,双创择时,2026-06-03,1.71520538,-0.008676131525862996,0.01440367678543586,0.17014966571155687,正常
2026-06-04,SZC020,瀚鑫纸鸢量化优选,绝对收益,微盘择时,2026-05-29,2.497,-0.06057185854025582,-0.05844645550527916,-0.0414587332053743,正常
2026-06-04,SBHP32,正仁择时量选听涛二号,绝对收益,灵活方向择时,2026-06-03,1.40536454,0.006480324123775194,0.0029565054874753915,0.4498757247498195,正常
2026-06-04,AEU46B,旌安思源1号B类,绝对收益,短线择时,2026-06-03,1.1753,-0.00524756665256032,-0.039159581425768475,-0.029239283059387167,正常
2026-06-04,SBDC67,创世纪顾锝灵活多策略1号,绝对收益,趋势策略,2026-06-03,1.0343,0.005443763973947746,0.015213977228111464,-0.007960867063111388,正常
2026-06-04,SCJ476,立心-私募学院菁英353号,绝对收益,主线择时,2026-06-03,7.46291594,0.029150045659101398,0.1237686792413879,0.20180593255289625,正常
2026-06-04,VB166A,翔云50二号A类,绝对收益,大盘择时,2026-06-03,2.0593,0.007189670351168909,-0.0023254687272903363,0.044058000405597264,正常
2026-06-04,SQX078,特夫郁金香全量化,绝对收益,量化打板,2026-06-03,2.80192562,-0.011579515780058114,0.036720754401389444,0.07248669534793706,正常
2026-06-04,SJD168,玉数涵瑞六号,绝对收益,300中性T0,2026-05-08,1.71385206,0.009647763812422605,0.027700570155010373,0.11734277542096327,正常
2026-06-04,SVZ009,铭跃行远均衡一号,商品类,量化时序CTA,2026-05-29,1.26654231,-0.009960163738129246,-0.009960163738129246,-0.0006750051114575717,正常
2026-06-04,SXJ836,碳硅1号,商品类,化工主观,2026-06-03,1.54980413,0.003428215210007135,0.0014541012767226302,-0.02904857394912186,正常
2026-06-04,SZM385,涌泉君安三号,商品类,黑色主观,2026-05-29,1.39907364,-0.0008566756707667489,-0.025403190167419543,0.0688926885170753,正常
2026-06-04,SSR379,海鹏扬帆,商品类,农产品主观,2026-05-29,2.74447451,-0.003430532978108136,-0.012744264338036215,0.0402864831166303,正常
2026-06-04,SVZ638,格林基金鲲鹏6号,多策略,黄金大类,2026-05-29,7.7764,0.0027724406504274768,-0.04586390518024097,-0.03923894242648873,正常
2026-06-04,SARZ77,波克宏观配置1号,多策略,宏观大类,2026-05-29,1.54501809,0.006648493388341725,0.023040536622644492,0.15801086044071333,正常
2026-06-04,SAST37,国联证券陆联1号FOF,FOF组合类,低波私募FOF,2026-05-18,1.0973,-0.005528366866050405,0.009104285451535743,0.027022811184659323,正常
